log_id,user_id,mission_id,status,user_note,completed_at,points_awarded
log_00000,user_0000,mission_002,completed,샘플 진행 로그,2026-05-28T07:26:57.178961+00:00,8
log_00001,user_0001,mission_003,completed,샘플 진행 로그,2026-05-04T07:26:57.178996+00:00,24
log_00002,user_0001,mission_007,skipped,샘플 진행 로그,,0
log_00003,user_0001,mission_030,completed,샘플 진행 로그,2026-04-15T07:26:57.179002+00:00,5
log_00004,user_0002,mission_004,completed,샘플 진행 로그,2026-04-18T07:26:57.179028+00:00,15
log_00005,user_0002,mission_028,completed,샘플 진행 로그,2026-04-12T07:26:57.179032+00:00,16
log_00006,user_0003,mission_036,completed,샘플 진행 로그,2026-04-26T07:26:57.179054+00:00,24
log_00007,user_0004,mission_007,too_hard,샘플 진행 로그,,0
log_00008,user_0005,mission_027,skipped,샘플 진행 로그,,0
log_00009,user_0005,mission_008,completed,샘플 진행 로그,2026-04-24T07:26:57.179094+00:00,13
log_00010,user_0005,mission_039,completed,샘플 진행 로그,2026-04-20T07:26:57.179098+00:00,12
log_00011,user_0006,mission_035,completed,샘플 진행 로그,2026-05-16T07:26:57.179117+00:00,6
log_00012,user_0006,mission_006,too_hard,샘플 진행 로그,,0
log_00013,user_0007,mission_001,started,샘플 진행 로그,,0
log_00014,user_0008,mission_027,completed,샘플 진행 로그,2026-05-28T07:26:57.179155+00:00,12
log_00015,user_0008,mission_031,completed,샘플 진행 로그,2026-05-22T07:26:57.179158+00:00,9
log_00016,user_0009,mission_000,too_hard,샘플 진행 로그,,0
log_00017,user_0009,mission_004,too_hard,샘플 진행 로그,,0
log_00018,user_0009,mission_006,completed,샘플 진행 로그,2026-04-28T07:26:57.179179+00:00,19
log_00019,user_0010,mission_035,too_hard,샘플 진행 로그,,0
log_00020,user_0010,mission_011,completed,샘플 진행 로그,2026-05-07T07:26:57.179199+00:00,5
log_00021,user_0012,mission_035,completed,샘플 진행 로그,2026-05-27T07:26:57.179233+00:00,16
log_00022,user_0013,mission_011,completed,샘플 진행 로그,2026-05-29T07:26:57.179251+00:00,16
log_00023,user_0013,mission_019,completed,샘플 진행 로그,2026-04-30T07:26:57.179255+00:00,7
log_00024,user_0014,mission_030,started,샘플 진행 로그,,0
log_00025,user_0014,mission_031,too_hard,샘플 진행 로그,,0
log_00026,user_0016,mission_036,completed,샘플 진행 로그,2026-05-21T07:26:57.179306+00:00,12
log_00027,user_0016,mission_009,completed,샘플 진행 로그,2026-05-22T07:26:57.179309+00:00,23
log_00028,user_0016,mission_012,skipped,샘플 진행 로그,,0
log_00029,user_0016,mission_015,started,샘플 진행 로그,,0
log_00030,user_0017,mission_001,completed,샘플 진행 로그,2026-05-05T07:26:57.179336+00:00,11
log_00031,user_0018,mission_026,too_hard,샘플 진행 로그,,0
log_00032,user_0018,mission_003,skipped,샘플 진행 로그,,0
log_00033,user_0018,mission_028,completed,샘플 진행 로그,2026-04-20T07:26:57.179360+00:00,6
log_00034,user_0019,mission_002,too_hard,샘플 진행 로그,,0
log_00035,user_0019,mission_004,completed,샘플 진행 로그,2026-05-08T07:26:57.179381+00:00,9
log_00036,user_0019,mission_008,completed,샘플 진행 로그,2026-04-11T07:26:57.179384+00:00,7
log_00037,user_0019,mission_037,completed,샘플 진행 로그,2026-04-25T07:26:57.179387+00:00,22
log_00038,user_0020,mission_029,completed,샘플 진행 로그,2026-04-11T07:26:57.179406+00:00,17
log_00039,user_0021,mission_000,started,샘플 진행 로그,,0
log_00040,user_0021,mission_027,completed,샘플 진행 로그,2026-04-22T07:26:57.179425+00:00,22
log_00041,user_0022,mission_002,completed,샘플 진행 로그,2026-06-02T07:26:57.179444+00:00,23
log_00042,user_0022,mission_008,completed,샘플 진행 로그,2026-04-29T07:26:57.179447+00:00,20
log_00043,user_0023,mission_034,completed,샘플 진행 로그,2026-05-25T07:26:57.179466+00:00,7
log_00044,user_0023,mission_009,started,샘플 진행 로그,,0
log_00045,user_0024,mission_035,completed,샘플 진행 로그,2026-05-16T07:26:57.179487+00:00,13
log_00046,user_0024,mission_008,completed,샘플 진행 로그,2026-05-11T07:26:57.179490+00:00,9
log_00047,user_0024,mission_014,started,샘플 진행 로그,,0
log_00048,user_0025,mission_010,completed,샘플 진행 로그,2026-05-28T07:26:57.179510+00:00,16
log_00049,user_0026,mission_001,completed,샘플 진행 로그,2026-05-02T07:26:57.179529+00:00,14
log_00050,user_0028,mission_004,completed,샘플 진행 로그,2026-04-10T07:26:57.179562+00:00,8
log_00051,user_0029,mission_034,completed,샘플 진행 로그,2026-05-15T07:26:57.179580+00:00,11
log_00052,user_0029,mission_012,completed,샘플 진행 로그,2026-05-09T07:26:57.179584+00:00,13
log_00053,user_0030,mission_001,skipped,샘플 진행 로그,,0
log_00054,user_0030,mission_027,completed,샘플 진행 로그,2026-05-09T07:26:57.179603+00:00,22
log_00055,user_0030,mission_006,started,샘플 진행 로그,,0
log_00056,user_0030,mission_012,too_hard,샘플 진행 로그,,0
log_00057,user_0031,mission_000,completed,샘플 진행 로그,2026-04-09T07:26:57.179625+00:00,6
log_00058,user_0031,mission_007,skipped,샘플 진행 로그,,0
log_00059,user_0031,mission_037,started,샘플 진행 로그,,0
log_00060,user_0031,mission_038,too_hard,샘플 진행 로그,,0
log_00061,user_0032,mission_014,too_hard,샘플 진행 로그,,0
log_00062,user_0034,mission_000,completed,샘플 진행 로그,2026-06-03T07:26:57.179679+00:00,20
log_00063,user_0034,mission_027,completed,샘플 진행 로그,2026-04-14T07:26:57.179683+00:00,12
log_00064,user_0034,mission_007,completed,샘플 진행 로그,2026-05-19T07:26:57.179686+00:00,7
log_00065,user_0035,mission_034,completed,샘플 진행 로그,2026-04-13T07:26:57.179704+00:00,22
log_00066,user_0035,mission_003,completed,샘플 진행 로그,2026-05-20T07:26:57.179708+00:00,10
log_00067,user_0036,mission_034,completed,샘플 진행 로그,2026-04-20T07:26:57.179726+00:00,15
log_00068,user_0036,mission_035,completed,샘플 진행 로그,2026-04-09T07:26:57.179729+00:00,23
log_00069,user_0036,mission_006,skipped,샘플 진행 로그,,0
log_00070,user_0036,mission_037,skipped,샘플 진행 로그,,0
log_00071,user_0037,mission_000,started,샘플 진행 로그,,0
log_00072,user_0037,mission_014,completed,샘플 진행 로그,2026-04-24T07:26:57.179752+00:00,18
log_00073,user_0037,mission_039,completed,샘플 진행 로그,2026-05-28T07:26:57.179755+00:00,11
log_00074,user_0038,mission_004,completed,샘플 진행 로그,2026-05-17T07:26:57.179773+00:00,17
log_00075,user_0038,mission_011,completed,샘플 진행 로그,2026-04-16T07:26:57.179777+00:00,23
log_00076,user_0039,mission_004,completed,샘플 진행 로그,2026-04-16T07:26:57.179795+00:00,10
log_00077,user_0039,mission_037,completed,샘플 진행 로그,2026-04-14T07:26:57.179799+00:00,12
log_00078,user_0040,mission_001,completed,샘플 진행 로그,2026-06-03T07:26:57.179818+00:00,12
log_00079,user_0041,mission_034,completed,샘플 진행 로그,2026-04-22T07:26:57.179836+00:00,17
log_00080,user_0041,mission_006,started,샘플 진행 로그,,0
log_00081,user_0042,mission_034,completed,샘플 진행 로그,2026-05-01T07:26:57.179856+00:00,12
log_00082,user_0042,mission_007,too_hard,샘플 진행 로그,,0
log_00083,user_0044,mission_010,too_hard,샘플 진행 로그,,0
log_00084,user_0044,mission_038,completed,샘플 진행 로그,2026-05-21T07:26:57.179892+00:00,13
log_00085,user_0044,mission_039,completed,샘플 진행 로그,2026-05-19T07:26:57.179896+00:00,15
log_00086,user_0044,mission_032,completed,샘플 진행 로그,2026-05-27T07:26:57.179898+00:00,12
log_00087,user_0045,mission_028,completed,샘플 진행 로그,2026-05-07T07:26:57.179917+00:00,18
log_00088,user_0045,mission_029,completed,샘플 진행 로그,2026-04-17T07:26:57.179920+00:00,23
log_00089,user_0047,mission_028,too_hard,샘플 진행 로그,,0
log_00090,user_0047,mission_038,too_hard,샘플 진행 로그,,0
log_00091,user_0048,mission_000,completed,샘플 진행 로그,2026-04-24T07:26:57.179971+00:00,17
log_00092,user_0049,mission_029,completed,샘플 진행 로그,2026-05-07T07:26:57.179989+00:00,10
log_00093,user_0049,mission_030,completed,샘플 진행 로그,2026-05-07T07:26:57.179993+00:00,15
log_00094,user_0050,mission_027,completed,샘플 진행 로그,2026-05-31T07:26:57.180011+00:00,20
log_00095,user_0051,mission_005,completed,샘플 진행 로그,2026-06-01T07:26:57.180029+00:00,25
log_00096,user_0051,mission_006,started,샘플 진행 로그,,0
log_00097,user_0051,mission_009,skipped,샘플 진행 로그,,0
log_00098,user_0052,mission_000,completed,샘플 진행 로그,2026-05-23T07:26:57.180050+00:00,19
log_00099,user_0053,mission_014,completed,샘플 진행 로그,2026-06-04T07:26:57.180069+00:00,14
log_00100,user_0054,mission_001,completed,샘플 진행 로그,2026-04-22T07:26:57.180087+00:00,25
log_00101,user_0054,mission_005,too_hard,샘플 진행 로그,,0
log_00102,user_0055,mission_036,completed,샘플 진행 로그,2026-05-13T07:26:57.180107+00:00,7
log_00103,user_0056,mission_026,too_hard,샘플 진행 로그,,0
log_00104,user_0056,mission_005,skipped,샘플 진행 로그,,0
log_00105,user_0057,mission_034,started,샘플 진행 로그,,0
log_00106,user_0057,mission_035,too_hard,샘플 진행 로그,,0
log_00107,user_0058,mission_028,completed,샘플 진행 로그,2026-05-07T07:26:57.180161+00:00,23
log_00108,user_0059,mission_026,too_hard,샘플 진행 로그,,0
log_00109,user_0059,mission_004,completed,샘플 진행 로그,2026-05-20T07:26:57.180181+00:00,15
log_00110,user_0059,mission_036,skipped,샘플 진행 로그,,0
log_00111,user_0059,mission_009,completed,샘플 진행 로그,2026-05-24T07:26:57.180186+00:00,7
log_00112,user_0059,mission_030,completed,샘플 진행 로그,2026-04-18T07:26:57.180189+00:00,12
log_00113,user_0060,mission_010,completed,샘플 진행 로그,2026-05-21T07:26:57.180207+00:00,14
log_00114,user_0061,mission_036,completed,샘플 진행 로그,2026-04-22T07:26:57.180225+00:00,19
log_00115,user_0061,mission_011,completed,샘플 진행 로그,2026-04-20T07:26:57.180228+00:00,11
log_00116,user_0061,mission_038,started,샘플 진행 로그,,0
log_00117,user_0061,mission_040,completed,샘플 진행 로그,2026-04-20T07:26:57.180233+00:00,23
log_00118,user_0062,mission_008,completed,샘플 진행 로그,2026-06-05T07:26:57.180252+00:00,22
log_00119,user_0062,mission_009,started,샘플 진행 로그,,0
log_00120,user_0063,mission_006,completed,샘플 진행 로그,2026-05-06T07:26:57.180272+00:00,20
log_00121,user_0063,mission_010,started,샘플 진행 로그,,0
log_00122,user_0064,mission_009,completed,샘플 진행 로그,2026-04-23T07:26:57.180292+00:00,6
log_00123,user_0064,mission_038,started,샘플 진행 로그,,0
log_00124,user_0064,mission_016,completed,샘플 진행 로그,2026-04-18T07:26:57.180297+00:00,18
log_00125,user_0065,mission_027,completed,샘플 진행 로그,2026-04-29T07:26:57.180315+00:00,18
log_00126,user_0065,mission_036,completed,샘플 진행 로그,2026-04-19T07:26:57.180318+00:00,8
log_00127,user_0065,mission_013,completed,샘플 진행 로그,2026-05-31T07:26:57.180321+00:00,10
log_00128,user_0065,mission_031,completed,샘플 진행 로그,2026-06-05T07:26:57.180324+00:00,18
log_00129,user_0066,mission_001,completed,샘플 진행 로그,2026-05-18T07:26:57.180342+00:00,19
log_00130,user_0066,mission_004,started,샘플 진행 로그,,0
log_00131,user_0067,mission_034,completed,샘플 진행 로그,2026-05-27T07:26:57.180362+00:00,13
log_00132,user_0067,mission_007,too_hard,샘플 진행 로그,,0
log_00133,user_0068,mission_026,skipped,샘플 진행 로그,,0
log_00134,user_0068,mission_015,started,샘플 진행 로그,,0
log_00135,user_0069,mission_004,started,샘플 진행 로그,,0
log_00136,user_0070,mission_036,skipped,샘플 진행 로그,,0
log_00137,user_0071,mission_034,completed,샘플 진행 로그,2026-04-14T07:26:57.180432+00:00,20
log_00138,user_0072,mission_000,too_hard,샘플 진행 로그,,0
log_00139,user_0072,mission_027,completed,샘플 진행 로그,2026-04-06T07:26:57.180452+00:00,17
log_00140,user_0073,mission_000,started,샘플 진행 로그,,0
log_00141,user_0073,mission_035,too_hard,샘플 진행 로그,,0
log_00142,user_0073,mission_036,completed,샘플 진행 로그,2026-06-02T07:26:57.180473+00:00,11
log_00143,user_0074,mission_036,completed,샘플 진행 로그,2026-05-18T07:26:57.180491+00:00,19
log_00144,user_0074,mission_039,completed,샘플 진행 로그,2026-05-21T07:26:57.180494+00:00,10
log_00145,user_0075,mission_006,completed,샘플 진행 로그,2026-05-29T07:26:57.180512+00:00,25
log_00146,user_0077,mission_026,started,샘플 진행 로그,,0
log_00147,user_0077,mission_035,completed,샘플 진행 로그,2026-05-24T07:26:57.180546+00:00,24
log_00148,user_0078,mission_027,completed,샘플 진행 로그,2026-04-16T07:26:57.180566+00:00,21
log_00149,user_0078,mission_006,completed,샘플 진행 로그,2026-05-17T07:26:57.180570+00:00,23
log_00150,user_0079,mission_027,completed,샘플 진행 로그,2026-05-01T07:26:57.180589+00:00,22
log_00151,user_0079,mission_008,too_hard,샘플 진행 로그,,0
log_00152,user_0079,mission_030,completed,샘플 진행 로그,2026-04-17T07:26:57.180594+00:00,18
log_00153,user_0079,mission_039,completed,샘플 진행 로그,2026-04-08T07:26:57.180597+00:00,17
log_00154,user_0079,mission_040,too_hard,샘플 진행 로그,,0
log_00155,user_0080,mission_035,started,샘플 진행 로그,,0
log_00156,user_0080,mission_006,too_hard,샘플 진행 로그,,0
log_00157,user_0080,mission_037,started,샘플 진행 로그,,0
log_00158,user_0080,mission_013,completed,샘플 진행 로그,2026-04-25T07:26:57.180621+00:00,9
log_00159,user_0082,mission_026,skipped,샘플 진행 로그,,0
log_00160,user_0085,mission_010,skipped,샘플 진행 로그,,0
log_00161,user_0086,mission_000,completed,샘플 진행 로그,2026-05-13T07:26:57.180719+00:00,18
log_00162,user_0086,mission_035,completed,샘플 진행 로그,2026-04-23T07:26:57.180723+00:00,10
log_00163,user_0087,mission_034,too_hard,샘플 진행 로그,,0
log_00164,user_0087,mission_036,completed,샘플 진행 로그,2026-05-07T07:26:57.180742+00:00,25
log_00165,user_0087,mission_011,skipped,샘플 진행 로그,,0
log_00166,user_0088,mission_028,started,샘플 진행 로그,,0
log_00167,user_0088,mission_030,skipped,샘플 진행 로그,,0
log_00168,user_0089,mission_026,too_hard,샘플 진행 로그,,0
log_00169,user_0089,mission_027,completed,샘플 진행 로그,2026-04-30T07:26:57.180782+00:00,14
log_00170,user_0090,mission_026,completed,샘플 진행 로그,2026-04-30T07:26:57.180800+00:00,6
log_00171,user_0091,mission_004,skipped,샘플 진행 로그,,0
log_00172,user_0092,mission_029,completed,샘플 진행 로그,2026-05-13T07:26:57.180835+00:00,9
log_00173,user_0092,mission_014,completed,샘플 진행 로그,2026-05-10T07:26:57.180839+00:00,10
log_00174,user_0093,mission_034,too_hard,샘플 진행 로그,,0
log_00175,user_0093,mission_035,started,샘플 진행 로그,,0
log_00176,user_0094,mission_026,started,샘플 진행 로그,,0
log_00177,user_0094,mission_005,too_hard,샘플 진행 로그,,0
log_00178,user_0094,mission_010,too_hard,샘플 진행 로그,,0
log_00179,user_0095,mission_026,completed,샘플 진행 로그,2026-05-02T07:26:57.180894+00:00,8
log_00180,user_0096,mission_010,completed,샘플 진행 로그,2026-04-27T07:26:57.180912+00:00,22
log_00181,user_0096,mission_038,completed,샘플 진행 로그,2026-06-01T07:26:57.180915+00:00,25
log_00182,user_0097,mission_027,completed,샘플 진행 로그,2026-06-03T07:26:57.180933+00:00,6
log_00183,user_0097,mission_028,completed,샘플 진행 로그,2026-05-21T07:26:57.180936+00:00,22
log_00184,user_0098,mission_002,skipped,샘플 진행 로그,,0
log_00185,user_0098,mission_010,started,샘플 진행 로그,,0
log_00186,user_0099,mission_005,completed,샘플 진행 로그,2026-05-08T07:26:57.180971+00:00,12
log_00187,user_0099,mission_011,completed,샘플 진행 로그,2026-04-25T07:26:57.180975+00:00,16
log_00188,user_0099,mission_014,completed,샘플 진행 로그,2026-05-29T07:26:57.180978+00:00,19
log_00189,user_0101,mission_002,completed,샘플 진행 로그,2026-05-28T07:26:57.181009+00:00,23
log_00190,user_0101,mission_035,completed,샘플 진행 로그,2026-05-23T07:26:57.181013+00:00,12
log_00191,user_0101,mission_007,too_hard,샘플 진행 로그,,0
log_00192,user_0102,mission_001,started,샘플 진행 로그,,0
log_00193,user_0103,mission_000,completed,샘플 진행 로그,2026-05-14T07:26:57.181048+00:00,12
log_00194,user_0103,mission_008,completed,샘플 진행 로그,2026-04-19T07:26:57.181051+00:00,18
log_00195,user_0104,mission_035,completed,샘플 진행 로그,2026-04-27T07:26:57.181068+00:00,6
log_00196,user_0105,mission_028,too_hard,샘플 진행 로그,,0
log_00197,user_0106,mission_009,completed,샘플 진행 로그,2026-05-27T07:26:57.181102+00:00,7
log_00198,user_0107,mission_034,completed,샘플 진행 로그,2026-05-16T07:26:57.181120+00:00,17
log_00199,user_0108,mission_003,too_hard,샘플 진행 로그,,0
log_00200,user_0109,mission_001,completed,샘플 진행 로그,2026-04-14T07:26:57.181153+00:00,19
log_00201,user_0109,mission_003,completed,샘플 진행 로그,2026-05-16T07:26:57.181157+00:00,13
log_00202,user_0109,mission_007,skipped,샘플 진행 로그,,0
log_00203,user_0110,mission_000,completed,샘플 진행 로그,2026-05-30T07:26:57.181176+00:00,16
log_00204,user_0110,mission_015,completed,샘플 진행 로그,2026-04-11T07:26:57.181179+00:00,18
log_00205,user_0111,mission_036,completed,샘플 진행 로그,2026-05-27T07:26:57.181197+00:00,20
log_00206,user_0111,mission_009,completed,샘플 진행 로그,2026-05-01T07:26:57.181200+00:00,16
log_00207,user_0111,mission_014,completed,샘플 진행 로그,2026-04-15T07:26:57.181203+00:00,18
log_00208,user_0113,mission_002,started,샘플 진행 로그,,0
log_00209,user_0113,mission_004,too_hard,샘플 진행 로그,,0
log_00210,user_0113,mission_010,too_hard,샘플 진행 로그,,0
log_00211,user_0114,mission_027,completed,샘플 진행 로그,2026-05-26T07:26:57.181253+00:00,16
log_00212,user_0114,mission_008,too_hard,샘플 진행 로그,,0
log_00213,user_0115,mission_035,completed,샘플 진행 로그,2026-05-31T07:26:57.181272+00:00,13
log_00214,user_0115,mission_028,completed,샘플 진행 로그,2026-05-08T07:26:57.181275+00:00,18
log_00215,user_0115,mission_037,completed,샘플 진행 로그,2026-05-09T07:26:57.181278+00:00,8
log_00216,user_0116,mission_010,completed,샘플 진행 로그,2026-04-28T07:26:57.181299+00:00,6
log_00217,user_0116,mission_014,started,샘플 진행 로그,,0
log_00218,user_0117,mission_003,completed,샘플 진행 로그,2026-04-19T07:26:57.181319+00:00,18
log_00219,user_0118,mission_034,skipped,샘플 진행 로그,,0
log_00220,user_0118,mission_012,completed,샘플 진행 로그,2026-05-07T07:26:57.181339+00:00,7
log_00221,user_0119,mission_006,completed,샘플 진행 로그,2026-05-16T07:26:57.181356+00:00,10
log_00222,user_0120,mission_000,completed,샘플 진행 로그,2026-04-29T07:26:57.181375+00:00,17
log_00223,user_0120,mission_008,too_hard,샘플 진행 로그,,0
log_00224,user_0121,mission_001,completed,샘플 진행 로그,2026-04-26T07:26:57.181394+00:00,8
log_00225,user_0121,mission_008,completed,샘플 진행 로그,2026-04-14T07:26:57.181397+00:00,25
log_00226,user_0122,mission_002,completed,샘플 진행 로그,2026-04-28T07:26:57.181415+00:00,9
log_00227,user_0124,mission_006,completed,샘플 진행 로그,2026-04-26T07:26:57.181448+00:00,14
log_00228,user_0125,mission_003,completed,샘플 진행 로그,2026-05-08T07:26:57.181466+00:00,6
log_00229,user_0125,mission_008,completed,샘플 진행 로그,2026-04-11T07:26:57.181470+00:00,7
log_00230,user_0126,mission_034,skipped,샘플 진행 로그,,0
log_00231,user_0126,mission_027,completed,샘플 진행 로그,2026-06-02T07:26:57.181490+00:00,19
log_00232,user_0126,mission_008,started,샘플 진행 로그,,0
log_00233,user_0128,mission_026,started,샘플 진행 로그,,0
log_00234,user_0128,mission_011,completed,샘플 진행 로그,2026-04-17T07:26:57.181527+00:00,15
log_00235,user_0129,mission_006,completed,샘플 진행 로그,2026-05-12T07:26:57.181545+00:00,14
log_00236,user_0129,mission_037,too_hard,샘플 진행 로그,,0
log_00237,user_0130,mission_001,started,샘플 진행 로그,,0
log_00238,user_0130,mission_027,completed,샘플 진행 로그,2026-04-21T07:26:57.181566+00:00,7
log_00239,user_0130,mission_028,skipped,샘플 진행 로그,,0
log_00240,user_0130,mission_010,skipped,샘플 진행 로그,,0
log_00241,user_0131,mission_005,completed,샘플 진행 로그,2026-05-17T07:26:57.181588+00:00,10
log_00242,user_0131,mission_029,completed,샘플 진행 로그,2026-05-28T07:26:57.181591+00:00,9
log_00243,user_0131,mission_012,completed,샘플 진행 로그,2026-05-02T07:26:57.181594+00:00,21
log_00244,user_0133,mission_034,too_hard,샘플 진행 로그,,0
log_00245,user_0133,mission_027,completed,샘플 진행 로그,2026-05-13T07:26:57.181628+00:00,12
log_00246,user_0134,mission_001,completed,샘플 진행 로그,2026-04-15T07:26:57.181646+00:00,20
log_00247,user_0134,mission_036,started,샘플 진행 로그,,0
log_00248,user_0134,mission_030,completed,샘플 진행 로그,2026-05-10T07:26:57.181651+00:00,10
log_00249,user_0135,mission_005,completed,샘플 진행 로그,2026-05-06T07:26:57.181668+00:00,16
log_00250,user_0136,mission_006,too_hard,샘플 진행 로그,,0
log_00251,user_0136,mission_037,completed,샘플 진행 로그,2026-05-09T07:26:57.181687+00:00,7
log_00252,user_0137,mission_029,completed,샘플 진행 로그,2026-05-21T07:26:57.181705+00:00,17
log_00253,user_0137,mission_015,completed,샘플 진행 로그,2026-05-30T07:26:57.181708+00:00,25
log_00254,user_0138,mission_005,started,샘플 진행 로그,,0
log_00255,user_0139,mission_000,started,샘플 진행 로그,,0
log_00256,user_0139,mission_004,too_hard,샘플 진행 로그,,0
log_00257,user_0140,mission_003,completed,샘플 진행 로그,2026-05-10T07:26:57.181759+00:00,25
log_00258,user_0141,mission_026,completed,샘플 진행 로그,2026-06-04T07:26:57.181776+00:00,25
log_00259,user_0141,mission_007,completed,샘플 진행 로그,2026-06-05T07:26:57.181779+00:00,24
log_00260,user_0141,mission_037,completed,샘플 진행 로그,2026-04-24T07:26:57.181782+00:00,7
log_00261,user_0141,mission_031,completed,샘플 진행 로그,2026-04-16T07:26:57.181785+00:00,21
log_00262,user_0142,mission_026,completed,샘플 진행 로그,2026-05-12T07:26:57.181803+00:00,16
log_00263,user_0142,mission_003,completed,샘플 진행 로그,2026-06-01T07:26:57.181806+00:00,16
log_00264,user_0143,mission_012,completed,샘플 진행 로그,2026-05-15T07:26:57.181824+00:00,25
log_00265,user_0143,mission_039,completed,샘플 진행 로그,2026-04-22T07:26:57.181827+00:00,20
log_00266,user_0144,mission_027,completed,샘플 진행 로그,2026-05-24T07:26:57.181844+00:00,6
log_00267,user_0144,mission_014,completed,샘플 진행 로그,2026-04-14T07:26:57.181848+00:00,22
log_00268,user_0145,mission_001,completed,샘플 진행 로그,2026-04-11T07:26:57.181865+00:00,6
log_00269,user_0145,mission_006,too_hard,샘플 진행 로그,,0
log_00270,user_0145,mission_029,too_hard,샘플 진행 로그,,0
log_00271,user_0145,mission_016,completed,샘플 진행 로그,2026-05-05T07:26:57.181871+00:00,16
log_00272,user_0146,mission_036,started,샘플 진행 로그,,0
log_00273,user_0146,mission_011,completed,샘플 진행 로그,2026-05-31T07:26:57.181890+00:00,15
log_00274,user_0146,mission_031,skipped,샘플 진행 로그,,0
log_00275,user_0146,mission_022,completed,샘플 진행 로그,2026-06-03T07:26:57.181894+00:00,16
log_00276,user_0147,mission_000,completed,샘플 진행 로그,2026-04-26T07:26:57.181912+00:00,17
log_00277,user_0147,mission_004,started,샘플 진행 로그,,0
log_00278,user_0147,mission_036,skipped,샘플 진행 로그,,0
log_00279,user_0147,mission_010,completed,샘플 진행 로그,2026-04-17T07:26:57.181918+00:00,25
log_00280,user_0147,mission_030,started,샘플 진행 로그,,0
log_00281,user_0147,mission_016,skipped,샘플 진행 로그,,0
log_00282,user_0148,mission_000,completed,샘플 진행 로그,2026-05-03T07:26:57.181939+00:00,16
log_00283,user_0148,mission_005,completed,샘플 진행 로그,2026-05-29T07:26:57.181942+00:00,5
log_00284,user_0149,mission_005,skipped,샘플 진행 로그,,0
log_00285,user_0149,mission_036,completed,샘플 진행 로그,2026-04-08T07:26:57.181961+00:00,20
log_00286,user_0149,mission_010,too_hard,샘플 진행 로그,,0
log_00287,user_0152,mission_004,too_hard,샘플 진행 로그,,0
log_00288,user_0152,mission_028,completed,샘플 진행 로그,2026-05-01T07:26:57.182010+00:00,23
log_00289,user_0152,mission_037,completed,샘플 진행 로그,2026-04-10T07:26:57.182013+00:00,7
log_00290,user_0152,mission_030,started,샘플 진행 로그,,0
log_00291,user_0153,mission_008,skipped,샘플 진행 로그,,0
log_00292,user_0154,mission_036,skipped,샘플 진행 로그,,0
log_00293,user_0154,mission_010,completed,샘플 진행 로그,2026-04-08T07:26:57.182049+00:00,6
log_00294,user_0155,mission_004,completed,샘플 진행 로그,2026-04-21T07:26:57.182067+00:00,12
log_00295,user_0155,mission_036,started,샘플 진행 로그,,0
log_00296,user_0155,mission_038,completed,샘플 진행 로그,2026-04-26T07:26:57.182072+00:00,14
log_00297,user_0156,mission_035,completed,샘플 진행 로그,2026-04-24T07:26:57.182095+00:00,24
log_00298,user_0158,mission_034,completed,샘플 진행 로그,2026-05-23T07:26:57.182131+00:00,23
log_00299,user_0158,mission_003,completed,샘플 진행 로그,2026-04-26T07:26:57.182134+00:00,22
log_00300,user_0158,mission_008,completed,샘플 진행 로그,2026-04-15T07:26:57.182137+00:00,17
log_00301,user_0158,mission_009,skipped,샘플 진행 로그,,0
log_00302,user_0159,mission_026,completed,샘플 진행 로그,2026-05-15T07:26:57.182156+00:00,24
log_00303,user_0159,mission_005,skipped,샘플 진행 로그,,0
log_00304,user_0160,mission_007,completed,샘플 진행 로그,2026-05-19T07:26:57.182176+00:00,19
log_00305,user_0161,mission_000,completed,샘플 진행 로그,2026-05-12T07:26:57.182206+00:00,24
log_00306,user_0161,mission_004,too_hard,샘플 진행 로그,,0
log_00307,user_0161,mission_013,completed,샘플 진행 로그,2026-05-04T07:26:57.182211+00:00,19
log_00308,user_0162,mission_027,completed,샘플 진행 로그,2026-05-21T07:26:57.182229+00:00,11
log_00309,user_0162,mission_011,completed,샘플 진행 로그,2026-04-10T07:26:57.182234+00:00,25
log_00310,user_0163,mission_000,too_hard,샘플 진행 로그,,0
log_00311,user_0163,mission_005,skipped,샘플 진행 로그,,0
log_00312,user_0164,mission_000,completed,샘플 진행 로그,2026-05-24T07:26:57.182274+00:00,16
log_00313,user_0164,mission_036,completed,샘플 진행 로그,2026-05-01T07:26:57.182278+00:00,13
log_00314,user_0165,mission_000,completed,샘플 진행 로그,2026-04-16T07:26:57.182300+00:00,15
log_00315,user_0166,mission_035,completed,샘플 진행 로그,2026-06-03T07:26:57.182320+00:00,6
log_00316,user_0166,mission_008,too_hard,샘플 진행 로그,,0
log_00317,user_0167,mission_034,completed,샘플 진행 로그,2026-04-07T07:26:57.182339+00:00,24
log_00318,user_0167,mission_027,started,샘플 진행 로그,,0
log_00319,user_0167,mission_011,completed,샘플 진행 로그,2026-05-04T07:26:57.182344+00:00,22
log_00320,user_0168,mission_000,started,샘플 진행 로그,,0
log_00321,user_0171,mission_036,too_hard,샘플 진행 로그,,0
log_00322,user_0172,mission_001,completed,샘플 진행 로그,2026-04-06T07:26:57.182421+00:00,8
log_00323,user_0172,mission_027,completed,샘플 진행 로그,2026-05-27T07:26:57.182424+00:00,18
log_00324,user_0172,mission_037,started,샘플 진행 로그,,0
log_00325,user_0172,mission_020,completed,샘플 진행 로그,2026-05-01T07:26:57.182428+00:00,15
log_00326,user_0173,mission_004,completed,샘플 진행 로그,2026-05-02T07:26:57.182446+00:00,15
log_00327,user_0174,mission_004,completed,샘플 진행 로그,2026-05-17T07:26:57.182463+00:00,12
log_00328,user_0176,mission_034,skipped,샘플 진행 로그,,0
log_00329,user_0176,mission_027,too_hard,샘플 진행 로그,,0
log_00330,user_0176,mission_014,started,샘플 진행 로그,,0
log_00331,user_0177,mission_026,skipped,샘플 진행 로그,,0
log_00332,user_0177,mission_036,completed,샘플 진행 로그,2026-05-01T07:26:57.182515+00:00,13
log_00333,user_0178,mission_034,completed,샘플 진행 로그,2026-06-02T07:26:57.182532+00:00,21
log_00334,user_0178,mission_004,completed,샘플 진행 로그,2026-05-10T07:26:57.182536+00:00,15
log_00335,user_0179,mission_001,completed,샘플 진행 로그,2026-05-01T07:26:57.182553+00:00,10
log_00336,user_0179,mission_027,completed,샘플 진행 로그,2026-05-24T07:26:57.182557+00:00,14
log_00337,user_0179,mission_006,started,샘플 진행 로그,,0
