resource_id,resource_type,name,description,district,address,latitude,longitude,start_date,end_date,cost_type,online_available,social_contact_level,outdoor_required,estimated_duration_minutes,burden_level,career_tags,recovery_tags,source_name,source_url,detail_url,thumbnail_url,contact,official_title,official_summary,official_period,official_place,source_kind,crawl_status,source_checked_at,derived_reason,updated_at
support_program_a5c46ee452,support_program,2026년 미추홀구 고립·은둔 청년 지원 프로그램,고립·은둔 청년에게 마음돌봄 프로그램 및 체험활동 등을 제공하여 일상의 회복과 지역사회 복귀를 지원,미추홀구,미추홀구,37.4636,126.6504,2026-04-14,2026-06-30,free,True,2,False,20,0,"['culture', 'planning', 'public_policy']","['culture', 'low_contact', 'routine', 'support']",인천청년포털 청년정책,https://youth.incheon.go.kr/youthpolicy/youthPolicyInfoList.do?acptrun=ing,https://youth.incheon.go.kr/youthpolicy/youthPolicyInfoDetail.do?poly_seq=458&acptrun=ing,,공식 페이지 확인,2026년 미추홀구 고립·은둔 청년 지원 프로그램,접수중 · 18세 ~ 39세 · 신청 2026/04/14~2026/06/30 · 고립·은둔 청년에게 마음돌봄 프로그램 및 체험활동 등을 제공하여 일상의 회복과 지역사회 복귀를 지원,2026/04/14~2026/06/30,미추홀구,html_scrape,ok,2026-06-08T15:52:03+00:00,공식 출처의 제목·기간·장소·문의 정보를 기준으로 RebootRoute 부담도/태그를 파생했습니다.,2026-06-08T15:52:03+00:00
support_program_2209b27c85,support_program,(미추홀구) 청년 자격증 응시료 지원,취업에 어려움을 겪고 있는 인천 청년에게 자격증 응시료 지원을 통한 경제적 부담 경감 및 사회진입 활성화 도모,미추홀구,미추홀구,37.4636,126.6504,2026-02-02,2026-11-30,free,True,1,False,20,0,"['career', 'planning', 'public_policy']",['support'],인천청년포털 청년정책,https://youth.incheon.go.kr/youthpolicy/youthPolicyInfoList.do?acptrun=ing,https://youth.incheon.go.kr/youthpolicy/youthPolicyInfoDetail.do?poly_seq=430&acptrun=ing,,공식 페이지 확인,(미추홀구) 청년 자격증 응시료 지원,접수중 · 18세 ~ 39세 · 신청 2026/02/02~2026/11/30 · 취업에 어려움을 겪고 있는 인천 청년에게 자격증 응시료 지원을 통한 경제적 부담 경감 및 사회진입 활성화 도모,2026/02/02~2026/11/30,미추홀구,html_scrape,ok,2026-06-08T15:52:03+00:00,공식 출처의 제목·기간·장소·문의 정보를 기준으로 RebootRoute 부담도/태그를 파생했습니다.,2026-06-08T15:52:03+00:00
support_program_f56a91aef8,support_program,(서구) 청년 자격증 응시료 지원,취업에 어려움을 겪고 있는 인천 청년에게 자격증 응시료 지원을 통한 경제적 부담 경감 및 사회진입 활성화 도모,서구,서구,37.5454,126.6759,2026-02-01,2026-11-30,free,True,1,False,20,0,"['career', 'planning', 'public_policy']",['support'],인천청년포털 청년정책,https://youth.incheon.go.kr/youthpolicy/youthPolicyInfoList.do?acptrun=ing,https://youth.incheon.go.kr/youthpolicy/youthPolicyInfoDetail.do?poly_seq=426&acptrun=ing,,공식 페이지 확인,(서구) 청년 자격증 응시료 지원,접수중 · 18세 ~ 39세 · 신청 2026/02/01~2026/11/30 · 취업에 어려움을 겪고 있는 인천 청년에게 자격증 응시료 지원을 통한 경제적 부담 경감 및 사회진입 활성화 도모,2026/02/01~2026/11/30,서구,html_scrape,ok,2026-06-08T15:52:03+00:00,공식 출처의 제목·기간·장소·문의 정보를 기준으로 RebootRoute 부담도/태그를 파생했습니다.,2026-06-08T15:52:03+00:00
support_program_2ec679cfb9,support_program,(계양구) 청년 자격증 응시료 지원,취업에 어려움을 겪고 있는 인천 청년에게 자격증 응시료 지원을 통한 경제적 부담 경감 및 사회진입 활성화 도모,계양구,계양구,37.5374,126.7378,2026-02-01,2026-11-30,free,True,1,False,20,0,"['career', 'planning', 'public_policy']",['support'],인천청년포털 청년정책,https://youth.incheon.go.kr/youthpolicy/youthPolicyInfoList.do?acptrun=ing,https://youth.incheon.go.kr/youthpolicy/youthPolicyInfoDetail.do?poly_seq=420&acptrun=ing,,공식 페이지 확인,(계양구) 청년 자격증 응시료 지원,접수중 · 18세 ~ 39세 · 신청 2026/02/01~2026/11/30 · 취업에 어려움을 겪고 있는 인천 청년에게 자격증 응시료 지원을 통한 경제적 부담 경감 및 사회진입 활성화 도모,2026/02/01~2026/11/30,계양구,html_scrape,ok,2026-06-08T15:52:03+00:00,공식 출처의 제목·기간·장소·문의 정보를 기준으로 RebootRoute 부담도/태그를 파생했습니다.,2026-06-08T15:52:03+00:00
support_program_893496e0c0,support_program,(연수구) 청년 자격증 응시료 지원,취업에 어려움을 겪고 있는 인천 청년에게 자격증 응시료 지원을 통한 경제적 부담 경감 및 사회진입 활성화 도모,연수구,연수구,37.4104,126.6783,2026-02-01,2026-11-30,free,True,1,False,20,0,"['career', 'planning', 'public_policy']",['support'],인천청년포털 청년정책,https://youth.incheon.go.kr/youthpolicy/youthPolicyInfoList.do?acptrun=ing,https://youth.incheon.go.kr/youthpolicy/youthPolicyInfoDetail.do?poly_seq=419&acptrun=ing,,공식 페이지 확인,(연수구) 청년 자격증 응시료 지원,접수중 · 18세 ~ 39세 · 신청 2026/02/01~2026/11/30 · 취업에 어려움을 겪고 있는 인천 청년에게 자격증 응시료 지원을 통한 경제적 부담 경감 및 사회진입 활성화 도모,2026/02/01~2026/11/30,연수구,html_scrape,ok,2026-06-08T15:52:03+00:00,공식 출처의 제목·기간·장소·문의 정보를 기준으로 RebootRoute 부담도/태그를 파생했습니다.,2026-06-08T15:52:03+00:00
support_program_be2e4f9b03,support_program,(부평구) 청년 자격증 응시료 지원,취업에 어려움을 겪고 있는 인천 청년에게 자격증 응시료 지원을 통한 경제적 부담 경감 및 사회진입 활성화 도모,부평구,부평구,37.507,126.7219,2026-02-01,2026-11-30,free,True,1,False,20,0,"['career', 'planning', 'public_policy']",['support'],인천청년포털 청년정책,https://youth.incheon.go.kr/youthpolicy/youthPolicyInfoList.do?acptrun=ing,https://youth.incheon.go.kr/youthpolicy/youthPolicyInfoDetail.do?poly_seq=416&acptrun=ing,,공식 페이지 확인,(부평구) 청년 자격증 응시료 지원,접수중 · 18세 ~ 39세 · 신청 2026/02/01~2026/11/30 · 취업에 어려움을 겪고 있는 인천 청년에게 자격증 응시료 지원을 통한 경제적 부담 경감 및 사회진입 활성화 도모,2026/02/01~2026/11/30,부평구,html_scrape,ok,2026-06-08T15:52:03+00:00,공식 출처의 제목·기간·장소·문의 정보를 기준으로 RebootRoute 부담도/태그를 파생했습니다.,2026-06-08T15:52:03+00:00
support_program_31a8ed530e,support_program,(남동구) 청년 자격증 응시료 지원,취업에 어려움을 겪고 있는 인천 청년의 경제적 부담을 경감하고 사회 진입 활성화를 도모,남동구,남동구,37.4473,126.7314,2026-02-01,2026-11-30,free,True,1,False,20,0,"['career', 'planning', 'public_policy']",['support'],인천청년포털 청년정책,https://youth.incheon.go.kr/youthpolicy/youthPolicyInfoList.do?acptrun=ing,https://youth.incheon.go.kr/youthpolicy/youthPolicyInfoDetail.do?poly_seq=415&acptrun=ing,,공식 페이지 확인,(남동구) 청년 자격증 응시료 지원,접수중 · 18세 ~ 39세 · 신청 2026/02/01~2026/11/30 · 취업에 어려움을 겪고 있는 인천 청년의 경제적 부담을 경감하고 사회 진입 활성화를 도모,2026/02/01~2026/11/30,남동구,html_scrape,ok,2026-06-08T15:52:03+00:00,공식 출처의 제목·기간·장소·문의 정보를 기준으로 RebootRoute 부담도/태그를 파생했습니다.,2026-06-08T15:52:03+00:00
support_program_9b47ccbd5d,support_program,청년 자격증 응시료 지원,취업에 어려움을 겪고 있는 인천 청년에게 자격증 응시료 지원을 통한 경제적 부담 경감 및 사회진입 활성화 도모,인천 전역,인천 전역,37.4563,126.7052,2026-02-01,2026-11-30,free,True,1,False,20,0,"['career', 'planning', 'public_policy']",['support'],인천청년포털 청년정책,https://youth.incheon.go.kr/youthpolicy/youthPolicyInfoList.do?acptrun=ing,https://youth.incheon.go.kr/youthpolicy/youthPolicyInfoDetail.do?poly_seq=412&acptrun=ing,,공식 페이지 확인,청년 자격증 응시료 지원,접수중 · 18세 ~ 39세 · 신청 2026/02/01~2026/11/30 · 취업에 어려움을 겪고 있는 인천 청년에게 자격증 응시료 지원을 통한 경제적 부담 경감 및 사회진입 활성화 도모,2026/02/01~2026/11/30,인천 전역,html_scrape,ok,2026-06-08T15:52:03+00:00,공식 출처의 제목·기간·장소·문의 정보를 기준으로 RebootRoute 부담도/태그를 파생했습니다.,2026-06-08T15:52:03+00:00
support_program_e97b69f33e,support_program,드림나래(면접정장대여),"청년 면접비용 부담을 줄이고, 취업 자신감을 높이기 위해 취업 최종 관문인 면접 통과를 위한 면접용 정장 대여와 면접이미지컨설팅 지원",인천 전역,인천 전역,37.4563,126.7052,2026-01-26,2026-12-11,free,True,1,False,20,0,"['career', 'planning', 'public_policy']",['support'],인천청년포털 청년정책,https://youth.incheon.go.kr/youthpolicy/youthPolicyInfoList.do?acptrun=ing,https://youth.incheon.go.kr/youthpolicy/youthPolicyInfoDetail.do?poly_seq=411&acptrun=ing,,공식 페이지 확인,드림나래(면접정장대여),"접수중 · 18세 ~ 39세 · 신청 2026/01/26~2026/12/11 · 청년 면접비용 부담을 줄이고, 취업 자신감을 높이기 위해 취업 최종 관문인 면접 통과를 위한 면접용 정장 대여와 면접이미지컨설팅 지원",2026/01/26~2026/12/11,인천 전역,html_scrape,ok,2026-06-08T15:52:03+00:00,공식 출처의 제목·기간·장소·문의 정보를 기준으로 RebootRoute 부담도/태그를 파생했습니다.,2026-06-08T15:52:03+00:00
support_program_55de21f248,support_program,(강화군) 청년 자격증 응시료 지원,취업에 어려움을 겪고 있는 인천 청년에게 자격증 응시료 지원을 통한 경제적 부담 경감 및 사회진입 활성화 도모,강화군,강화군,37.7465,126.4878,2026-02-01,2026-11-30,free,True,1,False,20,0,"['career', 'planning', 'public_policy']",['support'],인천청년포털 청년정책,https://youth.incheon.go.kr/youthpolicy/youthPolicyInfoList.do?acptrun=ing,https://youth.incheon.go.kr/youthpolicy/youthPolicyInfoDetail.do?poly_seq=410&acptrun=ing,,공식 페이지 확인,(강화군) 청년 자격증 응시료 지원,접수중 · 18세 ~ 39세 · 신청 2026/02/01~2026/11/30 · 취업에 어려움을 겪고 있는 인천 청년에게 자격증 응시료 지원을 통한 경제적 부담 경감 및 사회진입 활성화 도모,2026/02/01~2026/11/30,강화군,html_scrape,ok,2026-06-08T15:52:03+00:00,공식 출처의 제목·기간·장소·문의 정보를 기준으로 RebootRoute 부담도/태그를 파생했습니다.,2026-06-08T15:52:03+00:00
youth_program_8125a37354,youth_program,오늘 뭐 먹지?: 참외 깍두기&참외꿀스무디,오늘 뭐 먹지?: 참외 깍두기&참외꿀스무디 공식 프로그램입니다. 접수중 · 신청기간 2026-06-08 ~ 2026-06-16 · 진행기간 2026-06-18 ~ 2026-06-18 · 청년센터 서구1939 · #생활지원,서구,청년센터 서구1939,37.5454,126.6759,2026-06-18,2026-06-18,unknown,True,2,True,30,2,['public_policy'],['support'],인천청년포털 프로그램,https://youth.incheon.go.kr/program/programInfoList.do?prgmdiv=all,https://youth.incheon.go.kr/program/programInfoDetail.do?prgm_seq=1949&prgmdiv=all,https://youth.incheon.go.kr/images/program/onul_muea_meokji_pabeop_chamoe.jpg,공식 페이지 확인,오늘 뭐 먹지?: 참외 깍두기&참외꿀스무디,접수중 · 신청기간 2026-06-08 ~ 2026-06-16 · 진행기간 2026-06-18 ~ 2026-06-18 · 청년센터 서구1939 · #생활지원,2026-06-18 ~ 2026-06-18,청년센터 서구1939,html_scrape,ok,2026-06-08T15:52:03+00:00,공식 출처의 제목·기간·장소·문의 정보를 기준으로 RebootRoute 부담도/태그를 파생했습니다.,2026-06-08T15:52:03+00:00
youth_program_1bc78e8e7e,youth_program,오늘 뭐 먹지?: 우렁쌈밥,오늘 뭐 먹지?: 우렁쌈밥 공식 프로그램입니다. 접수중 · 신청기간 2026-06-08 ~ 2026-06-15 · 진행기간 2026-06-17 ~ 2026-06-17 · 청년센터 서구1939 · #생활지원,서구,청년센터 서구1939,37.5454,126.6759,2026-06-17,2026-06-17,unknown,True,2,True,30,2,['public_policy'],['support'],인천청년포털 프로그램,https://youth.incheon.go.kr/program/programInfoList.do?prgmdiv=all,https://youth.incheon.go.kr/program/programInfoDetail.do?prgm_seq=1948&prgmdiv=all,https://youth.incheon.go.kr/images/program/onul_muea_meokji_pabeop_ureong_ssambap.jpg,공식 페이지 확인,오늘 뭐 먹지?: 우렁쌈밥,접수중 · 신청기간 2026-06-08 ~ 2026-06-15 · 진행기간 2026-06-17 ~ 2026-06-17 · 청년센터 서구1939 · #생활지원,2026-06-17 ~ 2026-06-17,청년센터 서구1939,html_scrape,ok,2026-06-08T15:52:03+00:00,공식 출처의 제목·기간·장소·문의 정보를 기준으로 RebootRoute 부담도/태그를 파생했습니다.,2026-06-08T15:52:03+00:00
youth_program_be8177084c,youth_program,마음 휴식: 예술로 채우다 - 6月,마음 휴식: 예술로 채우다 - 6月 공식 프로그램입니다. 접수중 · 신청기간 2026-06-08 ~ 2026-06-18 · 진행기간 2026-06-22 ~ 2026-06-22 · 청년센터 서구1939 · #문화예술,서구,청년센터 서구1939,37.5454,126.6759,2026-06-22,2026-06-22,unknown,True,2,True,30,2,"['culture', 'planning', 'public_policy']","['culture', 'low_contact', 'routine', 'support']",인천청년포털 프로그램,https://youth.incheon.go.kr/program/programInfoList.do?prgmdiv=all,https://youth.incheon.go.kr/program/programInfoDetail.do?prgm_seq=1947&prgmdiv=all,https://youth.incheon.go.kr/images/program/maeumhyusik_0605_jeongsagakhyeong.jpg,공식 페이지 확인,마음 휴식: 예술로 채우다 - 6月,접수중 · 신청기간 2026-06-08 ~ 2026-06-18 · 진행기간 2026-06-22 ~ 2026-06-22 · 청년센터 서구1939 · #문화예술,2026-06-22 ~ 2026-06-22,청년센터 서구1939,html_scrape,ok,2026-06-08T15:52:03+00:00,공식 출처의 제목·기간·장소·문의 정보를 기준으로 RebootRoute 부담도/태그를 파생했습니다.,2026-06-08T15:52:03+00:00
youth_program_4374a9f492,youth_program,습관설계-자산설계 [진짜 어른이 되기 위한 필수 부동산 지식],습관설계-자산설계 [진짜 어른이 되기 위한 필수 부동산 지식] 공식 프로그램입니다. 접수중 · 신청기간 2026-06-05 ~ 2026-06-21 · 진행기간 2026-06-23 ~ 2026-06-23 · 남동구 청년꿈터 · #클래스,남동구,남동구 청년꿈터,37.4473,126.7314,2026-06-23,2026-06-23,unknown,True,2,True,30,2,['public_policy'],['support'],인천청년포털 프로그램,https://youth.incheon.go.kr/program/programInfoList.do?prgmdiv=all,https://youth.incheon.go.kr/program/programInfoDetail.do?prgm_seq=1946&prgmdiv=all,https://youth.incheon.go.kr/images/program/seupgwanseolgye_%281%29.jpg,공식 페이지 확인,습관설계-자산설계 [진짜 어른이 되기 위한 필수 부동산 지식],접수중 · 신청기간 2026-06-05 ~ 2026-06-21 · 진행기간 2026-06-23 ~ 2026-06-23 · 남동구 청년꿈터 · #클래스,2026-06-23 ~ 2026-06-23,남동구 청년꿈터,html_scrape,ok,2026-06-08T15:52:03+00:00,공식 출처의 제목·기간·장소·문의 정보를 기준으로 RebootRoute 부담도/태그를 파생했습니다.,2026-06-08T15:52:03+00:00
youth_program_58cab94936,youth_program,로컬브릿지_지역과 청년을 잇는 소규모 채용박람회,로컬브릿지_지역과 청년을 잇는 소규모 채용박람회 공식 프로그램입니다. 접수중 · 신청기간 2026-06-05 ~ 2026-06-10 · 진행기간 2026-06-11 ~ 2026-06-11 · 청년센터 서구1939 · #진로·취업,서구,청년센터 서구1939,37.5454,126.6759,2026-06-11,2026-06-11,unknown,True,3,True,30,3,"['career', 'culture', 'planning', 'public_policy']","['culture', 'support']",인천청년포털 프로그램,https://youth.incheon.go.kr/program/programInfoList.do?prgmdiv=all,https://youth.incheon.go.kr/program/programInfoDetail.do?prgm_seq=1945&prgmdiv=all,https://youth.incheon.go.kr/images/program/260611_rocealbulidji_boksabon.png,공식 페이지 확인,로컬브릿지_지역과 청년을 잇는 소규모 채용박람회,접수중 · 신청기간 2026-06-05 ~ 2026-06-10 · 진행기간 2026-06-11 ~ 2026-06-11 · 청년센터 서구1939 · #진로·취업,2026-06-11 ~ 2026-06-11,청년센터 서구1939,html_scrape,ok,2026-06-08T15:52:03+00:00,공식 출처의 제목·기간·장소·문의 정보를 기준으로 RebootRoute 부담도/태그를 파생했습니다.,2026-06-08T15:52:03+00:00
youth_program_43ba1ea8be,youth_program,[유유심(心)표 집단상담] <나 혼자 '잘' 산다!>,[유유심(心)표 집단상담] <나 혼자 '잘' 산다!> 공식 프로그램입니다. 접수중 · 신청기간 2026-06-04 ~ 2026-06-14 · 진행기간 2026-06-17 ~ 2026-06-24 · 유유기지 부평 · #주거 ·복지,부평구,유유기지 부평,37.507,126.7219,2026-06-17,2026-06-24,unknown,True,3,True,30,3,['public_policy'],"['low_contact', 'routine', 'support']",인천청년포털 프로그램,https://youth.incheon.go.kr/program/programInfoList.do?prgmdiv=all,https://youth.incheon.go.kr/program/programInfoDetail.do?prgm_seq=1944&prgmdiv=all,https://youth.incheon.go.kr/images/program/6wol_yuyusimpyo_jipdan_.png,공식 페이지 확인,[유유심(心)표 집단상담] <나 혼자 '잘' 산다!>,접수중 · 신청기간 2026-06-04 ~ 2026-06-14 · 진행기간 2026-06-17 ~ 2026-06-24 · 유유기지 부평 · #주거 ·복지,2026-06-17 ~ 2026-06-24,유유기지 부평,html_scrape,ok,2026-06-08T15:52:03+00:00,공식 출처의 제목·기간·장소·문의 정보를 기준으로 RebootRoute 부담도/태그를 파생했습니다.,2026-06-08T15:52:03+00:00
youth_program_ccf9a23ef3,youth_program,수요일엔 잡(JOB)담,수요일엔 잡(JOB)담 공식 프로그램입니다. 접수중 · 신청기간 2026-06-02 ~ 2026-06-14 · 진행기간 2026-06-17 ~ 2026-06-17 · 청년센터 서구1939 · #진로·취업,서구,청년센터 서구1939,37.5454,126.6759,2026-06-17,2026-06-17,unknown,True,2,True,30,2,"['career', 'planning', 'public_policy']",['support'],인천청년포털 프로그램,https://youth.incheon.go.kr/program/programInfoList.do?prgmdiv=all,https://youth.incheon.go.kr/program/programInfoDetail.do?prgm_seq=1942&prgmdiv=all,https://youth.incheon.go.kr/images/program/suyoilen_japdam%286wol%29_04.jpg,공식 페이지 확인,수요일엔 잡(JOB)담,접수중 · 신청기간 2026-06-02 ~ 2026-06-14 · 진행기간 2026-06-17 ~ 2026-06-17 · 청년센터 서구1939 · #진로·취업,2026-06-17 ~ 2026-06-17,청년센터 서구1939,html_scrape,ok,2026-06-08T15:52:03+00:00,공식 출처의 제목·기간·장소·문의 정보를 기준으로 RebootRoute 부담도/태그를 파생했습니다.,2026-06-08T15:52:03+00:00
youth_program_59ffb7f1d9,youth_program,청년아카데미[면접 이미지메이킹 및 메이크업 실습],청년아카데미[면접 이미지메이킹 및 메이크업 실습] 공식 프로그램입니다. 특강 접수중 · 신청기간 2026-06-02 ~ 2026-06-26 · 진행기간 2026-06-26 ~ 2026-06-26 · 연수청년자리 · #문화예술,연수구,연수청년자리,37.4104,126.6783,2026-06-26,2026-06-26,unknown,True,2,True,30,2,"['culture', 'planning', 'public_policy']","['culture', 'support']",인천청년포털 프로그램,https://youth.incheon.go.kr/program/programInfoList.do?prgmdiv=all,https://youth.incheon.go.kr/program/programInfoDetail.do?prgm_seq=1941&prgmdiv=all,https://youth.incheon.go.kr/images/program/cheongnyeonacademi_poseuteo%28myeonjeop_imijimeicing%29.png,공식 페이지 확인,청년아카데미[면접 이미지메이킹 및 메이크업 실습],특강 접수중 · 신청기간 2026-06-02 ~ 2026-06-26 · 진행기간 2026-06-26 ~ 2026-06-26 · 연수청년자리 · #문화예술,2026-06-26 ~ 2026-06-26,연수청년자리,html_scrape,ok,2026-06-08T15:52:03+00:00,공식 출처의 제목·기간·장소·문의 정보를 기준으로 RebootRoute 부담도/태그를 파생했습니다.,2026-06-08T15:52:03+00:00
youth_program_e116cb53d1,youth_program,청년아카데미[타로생일수를 활용한 취업 강점 분석],청년아카데미[타로생일수를 활용한 취업 강점 분석] 공식 프로그램입니다. 특강 접수중 · 신청기간 2026-06-02 ~ 2026-06-12 · 진행기간 2026-06-12 ~ 2026-06-12 · 연수청년자리 · #문화예술,연수구,연수청년자리,37.4104,126.6783,2026-06-12,2026-06-12,unknown,True,2,True,30,2,"['career', 'culture', 'planning', 'public_policy']","['culture', 'support']",인천청년포털 프로그램,https://youth.incheon.go.kr/program/programInfoList.do?prgmdiv=all,https://youth.incheon.go.kr/program/programInfoDetail.do?prgm_seq=1940&prgmdiv=all,https://youth.incheon.go.kr/images/program/cheongnyeonacademi_poseuteo%28taro%29.png,공식 페이지 확인,청년아카데미[타로생일수를 활용한 취업 강점 분석],특강 접수중 · 신청기간 2026-06-02 ~ 2026-06-12 · 진행기간 2026-06-12 ~ 2026-06-12 · 연수청년자리 · #문화예술,2026-06-12 ~ 2026-06-12,연수청년자리,html_scrape,ok,2026-06-08T15:52:03+00:00,공식 출처의 제목·기간·장소·문의 정보를 기준으로 RebootRoute 부담도/태그를 파생했습니다.,2026-06-08T15:52:03+00:00
youth_program_9bad1bf1a7,youth_program,UNBOX:START_나를 여는 첫 장(1:1상담),UNBOX:START_나를 여는 첫 장(1:1상담) 공식 프로그램입니다. 접수중 · 신청기간 2026-06-01 ~ 2026-11-30 · 진행기간 2026-03-01 ~ 2026-11-30 · 청년센터 서구1939 · #진로·취업,서구,청년센터 서구1939,37.5454,126.6759,2026-03-01,2026-11-30,unknown,True,3,True,30,3,"['career', 'planning', 'public_policy']","['low_contact', 'routine', 'support']",인천청년포털 프로그램,https://youth.incheon.go.kr/program/programInfoList.do?prgmdiv=all,https://youth.incheon.go.kr/program/programInfoDetail.do?prgm_seq=1943&prgmdiv=all,https://youth.incheon.go.kr/images/program/chogisangdam.png,공식 페이지 확인,UNBOX:START_나를 여는 첫 장(1:1상담),접수중 · 신청기간 2026-06-01 ~ 2026-11-30 · 진행기간 2026-03-01 ~ 2026-11-30 · 청년센터 서구1939 · #진로·취업,2026-03-01 ~ 2026-11-30,청년센터 서구1939,html_scrape,ok,2026-06-08T15:52:03+00:00,공식 출처의 제목·기간·장소·문의 정보를 기준으로 RebootRoute 부담도/태그를 파생했습니다.,2026-06-08T15:52:03+00:00
culture_facility_e21d96e761,culture_facility,유유기지 인천 유유랩1 (스터디룸),"유유기지 인천의 공식 공간대관 자원입니다. 유유기지 인천 · 신청 후 승인 · 2~6명 (18~39세 청년) · (평일)14~21시, (토요일)11~16시 · 032-725-3065",미추홀구,유유기지 인천,37.4636,126.6504,,,unknown,True,2,True,30,2,['public_policy'],"['low_contact', 'support', 'youth_space']",인천청년포털 공간대관,https://youth.incheon.go.kr/rental/rentalInfoList.do?inst_cd=inuu,https://youth.incheon.go.kr/space/inuu/rental/rentalScheduleMonth.do?rental_seq=1,https://youth.incheon.go.kr/images/rental/small/yuyulaeb2.jpg,032-725-3065,유유랩1 (스터디룸),"유유기지 인천 · 신청 후 승인 · 2~6명 (18~39세 청년) · (평일)14~21시, (토요일)11~16시 · 032-725-3065","(평일)14~21시, (토요일)11~16시",유유기지 인천,html_scrape,ok,2026-06-08T15:52:03+00:00,공식 출처의 제목·기간·장소·문의 정보를 기준으로 RebootRoute 부담도/태그를 파생했습니다.,2026-06-08T15:52:03+00:00
culture_facility_2a36f79ba7,culture_facility,유유기지 인천 유유랩2 (스터디룸),"유유기지 인천의 공식 공간대관 자원입니다. 유유기지 인천 · 신청 후 승인 · 2~6명 (18~39세 청년) · (평일)14~21시, (토요일)11~16시 · 032-725-3065",미추홀구,유유기지 인천,37.4636,126.6504,,,unknown,True,2,True,30,2,['public_policy'],"['low_contact', 'support', 'youth_space']",인천청년포털 공간대관,https://youth.incheon.go.kr/rental/rentalInfoList.do?inst_cd=inuu,https://youth.incheon.go.kr/space/inuu/rental/rentalScheduleMonth.do?rental_seq=2,https://youth.incheon.go.kr/images/rental/small/facility03_02.jpg,032-725-3065,유유랩2 (스터디룸),"유유기지 인천 · 신청 후 승인 · 2~6명 (18~39세 청년) · (평일)14~21시, (토요일)11~16시 · 032-725-3065","(평일)14~21시, (토요일)11~16시",유유기지 인천,html_scrape,ok,2026-06-08T15:52:03+00:00,공식 출처의 제목·기간·장소·문의 정보를 기준으로 RebootRoute 부담도/태그를 파생했습니다.,2026-06-08T15:52:03+00:00
culture_facility_c050d6ae43,culture_facility,유유기지 인천 청년기지 (강의실),유유기지 인천의 공식 공간대관 자원입니다. 유유기지 인천 · 신청 후 승인 · 1~20명 (18~39세 청년) · 평일(월~금) 10시~17시 / 토요일 미개방 · 032-725-3065,미추홀구,유유기지 인천,37.4636,126.6504,,,unknown,True,2,True,30,2,['public_policy'],"['low_contact', 'support', 'youth_space']",인천청년포털 공간대관,https://youth.incheon.go.kr/rental/rentalInfoList.do?inst_cd=inuu,https://youth.incheon.go.kr/space/inuu/rental/rentalScheduleMonth.do?rental_seq=46,https://youth.incheon.go.kr/images/rental/small/facility2026_07.jpg,032-725-3065,청년기지 (강의실),유유기지 인천 · 신청 후 승인 · 1~20명 (18~39세 청년) · 평일(월~금) 10시~17시 / 토요일 미개방 · 032-725-3065,평일(월~금) 10시~17시 / 토요일 미개방,유유기지 인천,html_scrape,ok,2026-06-08T15:52:03+00:00,공식 출처의 제목·기간·장소·문의 정보를 기준으로 RebootRoute 부담도/태그를 파생했습니다.,2026-06-08T15:52:03+00:00
culture_facility_f2771e40fd,culture_facility,유유기지 인천 도약기지 (강의실),유유기지 인천의 공식 공간대관 자원입니다. 유유기지 인천 · 신청 후 승인 · 1~30명 (18~39세 청년) · 평일(월~금) 10시~17시 / 토요일 미개방 · 032-725-3065,미추홀구,유유기지 인천,37.4636,126.6504,,,unknown,True,2,True,30,2,['public_policy'],"['low_contact', 'support', 'youth_space']",인천청년포털 공간대관,https://youth.incheon.go.kr/rental/rentalInfoList.do?inst_cd=inuu,https://youth.incheon.go.kr/space/inuu/rental/rentalScheduleMonth.do?rental_seq=47,https://youth.incheon.go.kr/images/rental/small/facility2026_07_.jpg,032-725-3065,도약기지 (강의실),유유기지 인천 · 신청 후 승인 · 1~30명 (18~39세 청년) · 평일(월~금) 10시~17시 / 토요일 미개방 · 032-725-3065,평일(월~금) 10시~17시 / 토요일 미개방,유유기지 인천,html_scrape,ok,2026-06-08T15:52:03+00:00,공식 출처의 제목·기간·장소·문의 정보를 기준으로 RebootRoute 부담도/태그를 파생했습니다.,2026-06-08T15:52:03+00:00
culture_facility_3b787ac277,culture_facility,유유기지 인천 소통기지 (회의실),유유기지 인천의 공식 공간대관 자원입니다. 유유기지 인천 · 신청 후 승인 · 4~8명 (18~39세 청년) · 평일(월~금) 10시~17시 / 토요일 미개방 · 032-725-3065,미추홀구,유유기지 인천,37.4636,126.6504,,,unknown,True,2,True,30,2,['public_policy'],"['low_contact', 'support', 'youth_space']",인천청년포털 공간대관,https://youth.incheon.go.kr/rental/rentalInfoList.do?inst_cd=inuu,https://youth.incheon.go.kr/space/inuu/rental/rentalScheduleMonth.do?rental_seq=48,https://youth.incheon.go.kr/images/rental/small/facility2026_09_01.jpg,032-725-3065,소통기지 (회의실),유유기지 인천 · 신청 후 승인 · 4~8명 (18~39세 청년) · 평일(월~금) 10시~17시 / 토요일 미개방 · 032-725-3065,평일(월~금) 10시~17시 / 토요일 미개방,유유기지 인천,html_scrape,ok,2026-06-08T15:52:03+00:00,공식 출처의 제목·기간·장소·문의 정보를 기준으로 RebootRoute 부담도/태그를 파생했습니다.,2026-06-08T15:52:03+00:00
culture_facility_6584666ef2,culture_facility,유유기지 인천 희망기지 (회의실),유유기지 인천의 공식 공간대관 자원입니다. 유유기지 인천 · 신청 후 승인 · 4~16명 (18~39세 청년) · 평일(월~금) 10시~17시 / 토요일 미개방 · 032-725-3065,미추홀구,유유기지 인천,37.4636,126.6504,,,unknown,True,2,True,30,2,['public_policy'],"['low_contact', 'support', 'youth_space']",인천청년포털 공간대관,https://youth.incheon.go.kr/rental/rentalInfoList.do?inst_cd=inuu,https://youth.incheon.go.kr/space/inuu/rental/rentalScheduleMonth.do?rental_seq=49,https://youth.incheon.go.kr/images/rental/small/facility2026_09_02.jpg,032-725-3065,희망기지 (회의실),유유기지 인천 · 신청 후 승인 · 4~16명 (18~39세 청년) · 평일(월~금) 10시~17시 / 토요일 미개방 · 032-725-3065,평일(월~금) 10시~17시 / 토요일 미개방,유유기지 인천,html_scrape,ok,2026-06-08T15:52:03+00:00,공식 출처의 제목·기간·장소·문의 정보를 기준으로 RebootRoute 부담도/태그를 파생했습니다.,2026-06-08T15:52:03+00:00
culture_facility_52d5896ab0,culture_facility,유유기지 인천 성장랩 (면접준비실),유유기지 인천의 공식 공간대관 자원입니다. 유유기지 인천 · 신청 후 승인 · 1~1명 (18~39세 청년) · 평일(월~금) 10시~17시 / 토요일 미개방 · 032-725-3065,미추홀구,유유기지 인천,37.4636,126.6504,,,unknown,True,2,True,30,2,['public_policy'],"['low_contact', 'support', 'youth_space']",인천청년포털 공간대관,https://youth.incheon.go.kr/rental/rentalInfoList.do?inst_cd=inuu,https://youth.incheon.go.kr/space/inuu/rental/rentalScheduleMonth.do?rental_seq=50,https://youth.incheon.go.kr/images/rental/small/facility2026_10.jpg,032-725-3065,성장랩 (면접준비실),유유기지 인천 · 신청 후 승인 · 1~1명 (18~39세 청년) · 평일(월~금) 10시~17시 / 토요일 미개방 · 032-725-3065,평일(월~금) 10시~17시 / 토요일 미개방,유유기지 인천,html_scrape,ok,2026-06-08T15:52:03+00:00,공식 출처의 제목·기간·장소·문의 정보를 기준으로 RebootRoute 부담도/태그를 파생했습니다.,2026-06-08T15:52:03+00:00
culture_facility_4e4eb450b4,culture_facility,유유기지 인천 열정기지 (강의실),유유기지 인천의 공식 공간대관 자원입니다. 유유기지 인천 · 신청 후 승인 · 1~20명 (18~39세 청년) · 평일(월~금) 10시~17시 / 토요일 미개방 · 032-725-3065,미추홀구,유유기지 인천,37.4636,126.6504,,,unknown,True,2,True,30,2,['public_policy'],"['low_contact', 'support', 'youth_space']",인천청년포털 공간대관,https://youth.incheon.go.kr/rental/rentalInfoList.do?inst_cd=inuu,https://youth.incheon.go.kr/space/inuu/rental/rentalScheduleMonth.do?rental_seq=51,https://youth.incheon.go.kr/images/rental/small/facility2026_08_03.jpg,032-725-3065,열정기지 (강의실),유유기지 인천 · 신청 후 승인 · 1~20명 (18~39세 청년) · 평일(월~금) 10시~17시 / 토요일 미개방 · 032-725-3065,평일(월~금) 10시~17시 / 토요일 미개방,유유기지 인천,html_scrape,ok,2026-06-08T15:52:03+00:00,공식 출처의 제목·기간·장소·문의 정보를 기준으로 RebootRoute 부담도/태그를 파생했습니다.,2026-06-08T15:52:03+00:00
culture_facility_040e15a903,culture_facility,유유기지 인천 도전기지 (강의실),유유기지 인천의 공식 공간대관 자원입니다. 유유기지 인천 · 신청 후 승인 · 2~30명 (18~39세 청년) · 평일(월~금) 10시~17시 / 토요일 미개방 · 032-725-3065,미추홀구,유유기지 인천,37.4636,126.6504,,,unknown,True,2,True,30,2,['public_policy'],"['low_contact', 'support', 'youth_space']",인천청년포털 공간대관,https://youth.incheon.go.kr/rental/rentalInfoList.do?inst_cd=inuu,https://youth.incheon.go.kr/space/inuu/rental/rentalScheduleMonth.do?rental_seq=52,https://youth.incheon.go.kr/images/rental/small/facility2026_08_02.jpg,032-725-3065,도전기지 (강의실),유유기지 인천 · 신청 후 승인 · 2~30명 (18~39세 청년) · 평일(월~금) 10시~17시 / 토요일 미개방 · 032-725-3065,평일(월~금) 10시~17시 / 토요일 미개방,유유기지 인천,html_scrape,ok,2026-06-08T15:52:03+00:00,공식 출처의 제목·기간·장소·문의 정보를 기준으로 RebootRoute 부담도/태그를 파생했습니다.,2026-06-08T15:52:03+00:00
culture_facility_96107a5efa,culture_facility,중구 청년내일기지 1인 미디어실,"중구 청년내일기지의 공식 공간대관 자원입니다. 중구 청년내일기지 · 신청 후 승인 · 1~2명 (18~39세 청년) · 화-금요일 9-21시, 토요일 10-18시 · 032-746-6951",중구,중구 청년내일기지,37.4737,126.6219,,,unknown,True,2,True,30,2,"['design', 'media', 'public_policy']","['low_contact', 'support', 'youth_space']",인천청년포털 공간대관,https://youth.incheon.go.kr/rental/rentalInfoList.do?inst_cd=junggu,https://youth.incheon.go.kr/space/junggu/rental/rentalScheduleMonth.do?rental_seq=31,https://youth.incheon.go.kr/images/rental/small/facility07(1).jpg,032-746-6951,1인 미디어실,"중구 청년내일기지 · 신청 후 승인 · 1~2명 (18~39세 청년) · 화-금요일 9-21시, 토요일 10-18시 · 032-746-6951","화-금요일 9-21시, 토요일 10-18시",중구 청년내일기지,html_scrape,ok,2026-06-08T15:52:03+00:00,공식 출처의 제목·기간·장소·문의 정보를 기준으로 RebootRoute 부담도/태그를 파생했습니다.,2026-06-08T15:52:03+00:00
culture_facility_06aa6bc5f5,culture_facility,중구 청년내일기지 강의실,"중구 청년내일기지의 공식 공간대관 자원입니다. 중구 청년내일기지 · 신청 후 승인 · 10~20명 (18~39세 청년) · 화-금요일 9-21시, 토요일 10-18시 · 032-746-6951",중구,중구 청년내일기지,37.4737,126.6219,,,unknown,True,2,True,30,2,['public_policy'],"['low_contact', 'support', 'youth_space']",인천청년포털 공간대관,https://youth.incheon.go.kr/rental/rentalInfoList.do?inst_cd=junggu,https://youth.incheon.go.kr/space/junggu/rental/rentalScheduleMonth.do?rental_seq=27,https://youth.incheon.go.kr/images/rental/small/ganguisil(1).jpg,032-746-6951,강의실,"중구 청년내일기지 · 신청 후 승인 · 10~20명 (18~39세 청년) · 화-금요일 9-21시, 토요일 10-18시 · 032-746-6951","화-금요일 9-21시, 토요일 10-18시",중구 청년내일기지,html_scrape,ok,2026-06-08T15:52:03+00:00,공식 출처의 제목·기간·장소·문의 정보를 기준으로 RebootRoute 부담도/태그를 파생했습니다.,2026-06-08T15:52:03+00:00
culture_facility_67e0ac83d4,culture_facility,중구 청년내일기지 회의실1,"중구 청년내일기지의 공식 공간대관 자원입니다. 중구 청년내일기지 · 신청 후 승인 · 2~6명 (18~39세 청년) · 화-금요일 9-21시, 토요일 10-18시 · 032-746-6951",중구,중구 청년내일기지,37.4737,126.6219,,,unknown,True,2,True,30,2,['public_policy'],"['low_contact', 'support', 'youth_space']",인천청년포털 공간대관,https://youth.incheon.go.kr/rental/rentalInfoList.do?inst_cd=junggu,https://youth.incheon.go.kr/space/junggu/rental/rentalScheduleMonth.do?rental_seq=28,https://youth.incheon.go.kr/images/rental/small/hoeuisil1.jpg,032-746-6951,회의실1,"중구 청년내일기지 · 신청 후 승인 · 2~6명 (18~39세 청년) · 화-금요일 9-21시, 토요일 10-18시 · 032-746-6951","화-금요일 9-21시, 토요일 10-18시",중구 청년내일기지,html_scrape,ok,2026-06-08T15:52:03+00:00,공식 출처의 제목·기간·장소·문의 정보를 기준으로 RebootRoute 부담도/태그를 파생했습니다.,2026-06-08T15:52:03+00:00
culture_facility_61f1c1c6f4,culture_facility,중구 청년내일기지 회의실2,"중구 청년내일기지의 공식 공간대관 자원입니다. 중구 청년내일기지 · 신청 후 승인 · 2~6명 (18~39세 청년) · 화-금요일 9-21시, 토요일 10-18시 · 032-746-6951",중구,중구 청년내일기지,37.4737,126.6219,,,unknown,True,2,True,30,2,['public_policy'],"['low_contact', 'support', 'youth_space']",인천청년포털 공간대관,https://youth.incheon.go.kr/rental/rentalInfoList.do?inst_cd=junggu,https://youth.incheon.go.kr/space/junggu/rental/rentalScheduleMonth.do?rental_seq=29,https://youth.incheon.go.kr/images/rental/small/hoeuisil2(1).jpg,032-746-6951,회의실2,"중구 청년내일기지 · 신청 후 승인 · 2~6명 (18~39세 청년) · 화-금요일 9-21시, 토요일 10-18시 · 032-746-6951","화-금요일 9-21시, 토요일 10-18시",중구 청년내일기지,html_scrape,ok,2026-06-08T15:52:03+00:00,공식 출처의 제목·기간·장소·문의 정보를 기준으로 RebootRoute 부담도/태그를 파생했습니다.,2026-06-08T15:52:03+00:00
culture_facility_db3c38e442,culture_facility,중구 청년내일기지 회의실3,"중구 청년내일기지의 공식 공간대관 자원입니다. 중구 청년내일기지 · 신청 후 승인 · 2~6명 (18~39세 청년) · 화-금요일 9-21시, 토요일 10-18시 · 032-746-6951",중구,중구 청년내일기지,37.4737,126.6219,,,unknown,True,2,True,30,2,['public_policy'],"['low_contact', 'support', 'youth_space']",인천청년포털 공간대관,https://youth.incheon.go.kr/rental/rentalInfoList.do?inst_cd=junggu,https://youth.incheon.go.kr/space/junggu/rental/rentalScheduleMonth.do?rental_seq=30,https://youth.incheon.go.kr/images/rental/small/hoeuisil3.jpg,032-746-6951,회의실3,"중구 청년내일기지 · 신청 후 승인 · 2~6명 (18~39세 청년) · 화-금요일 9-21시, 토요일 10-18시 · 032-746-6951","화-금요일 9-21시, 토요일 10-18시",중구 청년내일기지,html_scrape,ok,2026-06-08T15:52:03+00:00,공식 출처의 제목·기간·장소·문의 정보를 기준으로 RebootRoute 부담도/태그를 파생했습니다.,2026-06-08T15:52:03+00:00
culture_facility_6709d87aa5,culture_facility,동구청년21 1인스터디룸1,동구청년21의 공식 공간대관 자원입니다. 동구청년21 · 신청 후 승인 · 1~1명 (18~39세 청년) · 10~22시 · 032-766-6077,동구,동구청년21,37.4739,126.6427,,,unknown,True,2,True,30,2,['public_policy'],"['low_contact', 'support', 'youth_space']",인천청년포털 공간대관,https://youth.incheon.go.kr/rental/rentalInfoList.do?inst_cd=donggu,https://youth.incheon.go.kr/space/donggu/rental/rentalScheduleMonth.do?rental_seq=8,https://youth.incheon.go.kr/images/rental/small/1inseuteodiloom.jpg,032-766-6077,1인스터디룸1,동구청년21 · 신청 후 승인 · 1~1명 (18~39세 청년) · 10~22시 · 032-766-6077,10~22시,동구청년21,html_scrape,ok,2026-06-08T15:52:03+00:00,공식 출처의 제목·기간·장소·문의 정보를 기준으로 RebootRoute 부담도/태그를 파생했습니다.,2026-06-08T15:52:03+00:00
culture_facility_c4002c0eb2,culture_facility,동구청년21 1인스터디룸2,동구청년21의 공식 공간대관 자원입니다. 동구청년21 · 신청 후 승인 · 1~1명 (18~39세 청년) · 10~22시 · 032-766-6077,동구,동구청년21,37.4739,126.6427,,,unknown,True,2,True,30,2,['public_policy'],"['low_contact', 'support', 'youth_space']",인천청년포털 공간대관,https://youth.incheon.go.kr/rental/rentalInfoList.do?inst_cd=donggu,https://youth.incheon.go.kr/space/donggu/rental/rentalScheduleMonth.do?rental_seq=9,https://youth.incheon.go.kr/images/rental/small/1inseuteodiloom2.jpg,032-766-6077,1인스터디룸2,동구청년21 · 신청 후 승인 · 1~1명 (18~39세 청년) · 10~22시 · 032-766-6077,10~22시,동구청년21,html_scrape,ok,2026-06-08T15:52:03+00:00,공식 출처의 제목·기간·장소·문의 정보를 기준으로 RebootRoute 부담도/태그를 파생했습니다.,2026-06-08T15:52:03+00:00
culture_facility_7ff3028c67,culture_facility,동구청년21 1인스터디룸3,동구청년21의 공식 공간대관 자원입니다. 동구청년21 · 신청 후 승인 · 1~1명 (18~39세 청년) · 10~22시 · 032-766-6077,동구,동구청년21,37.4739,126.6427,,,unknown,True,2,True,30,2,['public_policy'],"['low_contact', 'support', 'youth_space']",인천청년포털 공간대관,https://youth.incheon.go.kr/rental/rentalInfoList.do?inst_cd=donggu,https://youth.incheon.go.kr/space/donggu/rental/rentalScheduleMonth.do?rental_seq=10,https://youth.incheon.go.kr/images/rental/small/1inseuteodiloom3.jpg,032-766-6077,1인스터디룸3,동구청년21 · 신청 후 승인 · 1~1명 (18~39세 청년) · 10~22시 · 032-766-6077,10~22시,동구청년21,html_scrape,ok,2026-06-08T15:52:03+00:00,공식 출처의 제목·기간·장소·문의 정보를 기준으로 RebootRoute 부담도/태그를 파생했습니다.,2026-06-08T15:52:03+00:00
culture_facility_3f6e0a4d9b,culture_facility,동구청년21 방음실,동구청년21의 공식 공간대관 자원입니다. 동구청년21 · 신청 후 승인 · 1~10명 (18~39세 청년) · 10~22시 · 032-766-6077,동구,동구청년21,37.4739,126.6427,,,unknown,True,2,True,30,2,['public_policy'],"['low_contact', 'support', 'youth_space']",인천청년포털 공간대관,https://youth.incheon.go.kr/rental/rentalInfoList.do?inst_cd=donggu,https://youth.incheon.go.kr/space/donggu/rental/rentalScheduleMonth.do?rental_seq=34,https://youth.incheon.go.kr/images/rental/small/donggu21_facility02.jpg,032-766-6077,방음실,동구청년21 · 신청 후 승인 · 1~10명 (18~39세 청년) · 10~22시 · 032-766-6077,10~22시,동구청년21,html_scrape,ok,2026-06-08T15:52:03+00:00,공식 출처의 제목·기간·장소·문의 정보를 기준으로 RebootRoute 부담도/태그를 파생했습니다.,2026-06-08T15:52:03+00:00
culture_facility_6ab9414929,culture_facility,동구청년21 상담실1,동구청년21의 공식 공간대관 자원입니다. 동구청년21 · 신청 후 승인 · 1~4명 (18~39세 청년) · 10~22시 · 032-766-6077,동구,동구청년21,37.4739,126.6427,,,unknown,True,2,True,30,2,['public_policy'],"['low_contact', 'routine', 'support', 'youth_space']",인천청년포털 공간대관,https://youth.incheon.go.kr/rental/rentalInfoList.do?inst_cd=donggu,https://youth.incheon.go.kr/space/donggu/rental/rentalScheduleMonth.do?rental_seq=6,https://youth.incheon.go.kr/images/rental/small/sangdamsil.jpg,032-766-6077,상담실1,동구청년21 · 신청 후 승인 · 1~4명 (18~39세 청년) · 10~22시 · 032-766-6077,10~22시,동구청년21,html_scrape,ok,2026-06-08T15:52:03+00:00,공식 출처의 제목·기간·장소·문의 정보를 기준으로 RebootRoute 부담도/태그를 파생했습니다.,2026-06-08T15:52:03+00:00
culture_facility_2e7b1fa40e,culture_facility,동구청년21 오픈스페이스,동구청년21의 공식 공간대관 자원입니다. 동구청년21 · 신청 후 승인 · 5~10명 (18~39세 청년) · 10~22시 · 032-766-6077,동구,동구청년21,37.4739,126.6427,,,unknown,True,2,True,30,2,['public_policy'],"['low_contact', 'support', 'youth_space']",인천청년포털 공간대관,https://youth.incheon.go.kr/rental/rentalInfoList.do?inst_cd=donggu,https://youth.incheon.go.kr/space/donggu/rental/rentalScheduleMonth.do?rental_seq=13,https://youth.incheon.go.kr/images/rental/small/opunseupeiseu.jpg,032-766-6077,오픈스페이스,동구청년21 · 신청 후 승인 · 5~10명 (18~39세 청년) · 10~22시 · 032-766-6077,10~22시,동구청년21,html_scrape,ok,2026-06-08T15:52:03+00:00,공식 출처의 제목·기간·장소·문의 정보를 기준으로 RebootRoute 부담도/태그를 파생했습니다.,2026-06-08T15:52:03+00:00
culture_facility_d2ebc5ad1b,culture_facility,동구청년21 회의실1,동구청년21의 공식 공간대관 자원입니다. 동구청년21 · 신청 후 승인 · 2~6명 (18~39세 청년) · 10~22시 · 032-766-6077,동구,동구청년21,37.4739,126.6427,,,unknown,True,2,True,30,2,['public_policy'],"['low_contact', 'support', 'youth_space']",인천청년포털 공간대관,https://youth.incheon.go.kr/rental/rentalInfoList.do?inst_cd=donggu,https://youth.incheon.go.kr/space/donggu/rental/rentalScheduleMonth.do?rental_seq=11,https://youth.incheon.go.kr/images/rental/small/hoeuisil.jpg,032-766-6077,회의실1,동구청년21 · 신청 후 승인 · 2~6명 (18~39세 청년) · 10~22시 · 032-766-6077,10~22시,동구청년21,html_scrape,ok,2026-06-08T15:52:03+00:00,공식 출처의 제목·기간·장소·문의 정보를 기준으로 RebootRoute 부담도/태그를 파생했습니다.,2026-06-08T15:52:03+00:00
culture_facility_3d8cd5ecf4,culture_facility,동구청년21 회의실2,동구청년21의 공식 공간대관 자원입니다. 동구청년21 · 신청 후 승인 · 2~6명 (18~39세 청년) · 10~22시 · 032-766-6077,동구,동구청년21,37.4739,126.6427,,,unknown,True,2,True,30,2,['public_policy'],"['low_contact', 'support', 'youth_space']",인천청년포털 공간대관,https://youth.incheon.go.kr/rental/rentalInfoList.do?inst_cd=donggu,https://youth.incheon.go.kr/space/donggu/rental/rentalScheduleMonth.do?rental_seq=12,https://youth.incheon.go.kr/images/rental/small/hoeuisil2.jpg,032-766-6077,회의실2,동구청년21 · 신청 후 승인 · 2~6명 (18~39세 청년) · 10~22시 · 032-766-6077,10~22시,동구청년21,html_scrape,ok,2026-06-08T15:52:03+00:00,공식 출처의 제목·기간·장소·문의 정보를 기준으로 RebootRoute 부담도/태그를 파생했습니다.,2026-06-08T15:52:03+00:00
culture_facility_948091d860,culture_facility,연수청년자리 성장자리(세미나실1),연수청년자리의 공식 공간대관 자원입니다. 연수청년자리 · 신청 후 승인 · 3~12명 (18~39세 청년) · 평일 18~20시 · 032-749-8987,연수구,연수청년자리,37.4104,126.6783,,,unknown,True,2,True,30,2,['public_policy'],"['low_contact', 'support', 'youth_space']",인천청년포털 공간대관,https://youth.incheon.go.kr/rental/rentalInfoList.do?inst_cd=yeonsu,https://youth.incheon.go.kr/space/yeonsu/rental/rentalScheduleMonth.do?rental_seq=20,https://youth.incheon.go.kr/images/rental/small/seongjangjari.jpg,032-749-8987,성장자리(세미나실1),연수청년자리 · 신청 후 승인 · 3~12명 (18~39세 청년) · 평일 18~20시 · 032-749-8987,평일 18~20시,연수청년자리,html_scrape,ok,2026-06-08T15:52:03+00:00,공식 출처의 제목·기간·장소·문의 정보를 기준으로 RebootRoute 부담도/태그를 파생했습니다.,2026-06-08T15:52:03+00:00
culture_facility_ce88de41f8,culture_facility,연수청년자리 함께자리(다목적실),연수청년자리의 공식 공간대관 자원입니다. 연수청년자리 · 신청 후 승인 · 20~30명 (18~39세 청년) · 평일 18~20시 · 032-749-8987,연수구,연수청년자리,37.4104,126.6783,,,unknown,True,2,True,30,2,['public_policy'],"['low_contact', 'support', 'youth_space']",인천청년포털 공간대관,https://youth.incheon.go.kr/rental/rentalInfoList.do?inst_cd=yeonsu,https://youth.incheon.go.kr/space/yeonsu/rental/rentalScheduleMonth.do?rental_seq=19,https://youth.incheon.go.kr/images/rental/small/hamggejari.jpg,032-749-8987,함께자리(다목적실),연수청년자리 · 신청 후 승인 · 20~30명 (18~39세 청년) · 평일 18~20시 · 032-749-8987,평일 18~20시,연수청년자리,html_scrape,ok,2026-06-08T15:52:03+00:00,공식 출처의 제목·기간·장소·문의 정보를 기준으로 RebootRoute 부담도/태그를 파생했습니다.,2026-06-08T15:52:03+00:00
culture_facility_68f16c7b52,culture_facility,남동구 청년꿈터 놀당,"남동구 청년꿈터의 공식 공간대관 자원입니다. 남동구 청년꿈터 · 신청 후 승인 · 1~4명 (18~39세 청년) · 월-금요일 9-21시, 토요일 10-15시 · 032-710-9551",남동구,남동구 청년꿈터,37.4473,126.7314,,,unknown,True,2,True,30,2,['public_policy'],"['low_contact', 'support', 'youth_space']",인천청년포털 공간대관,https://youth.incheon.go.kr/rental/rentalInfoList.do?inst_cd=namdong,https://youth.incheon.go.kr/space/namdong/rental/rentalScheduleMonth.do?rental_seq=40,https://youth.incheon.go.kr/images/rental/small/facility04_2.jpg,032-710-9551,놀당,"남동구 청년꿈터 · 신청 후 승인 · 1~4명 (18~39세 청년) · 월-금요일 9-21시, 토요일 10-15시 · 032-710-9551","월-금요일 9-21시, 토요일 10-15시",남동구 청년꿈터,html_scrape,ok,2026-06-08T15:52:03+00:00,공식 출처의 제목·기간·장소·문의 정보를 기준으로 RebootRoute 부담도/태그를 파생했습니다.,2026-06-08T15:52:03+00:00
culture_facility_5346cd0164,culture_facility,남동구 청년꿈터 모인당,"남동구 청년꿈터의 공식 공간대관 자원입니다. 남동구 청년꿈터 · 신청 후 승인 · 1~30명 (18~39세 청년) · 월-금요일 9-21시, 토요일 10-15시 · 032-710-9551",남동구,남동구 청년꿈터,37.4473,126.7314,,,unknown,True,2,True,30,2,['public_policy'],"['low_contact', 'support', 'youth_space']",인천청년포털 공간대관,https://youth.incheon.go.kr/rental/rentalInfoList.do?inst_cd=namdong,https://youth.incheon.go.kr/space/namdong/rental/rentalScheduleMonth.do?rental_seq=41,https://youth.incheon.go.kr/images/rental/small/facility05.jpg,032-710-9551,모인당,"남동구 청년꿈터 · 신청 후 승인 · 1~30명 (18~39세 청년) · 월-금요일 9-21시, 토요일 10-15시 · 032-710-9551","월-금요일 9-21시, 토요일 10-15시",남동구 청년꿈터,html_scrape,ok,2026-06-08T15:52:03+00:00,공식 출처의 제목·기간·장소·문의 정보를 기준으로 RebootRoute 부담도/태그를 파생했습니다.,2026-06-08T15:52:03+00:00
culture_facility_b99c7d8b49,culture_facility,유유기지 부평 회의실1,유유기지 부평의 공식 공간대관 자원입니다. 유유기지 부평 · 신청 후 승인 · 3~11명 (19~39세 청년) · 10~21시 · 032-363-3141,부평구,유유기지 부평,37.507,126.7219,,,unknown,True,2,True,30,2,['public_policy'],"['low_contact', 'support', 'youth_space']",인천청년포털 공간대관,https://youth.incheon.go.kr/rental/rentalInfoList.do?inst_cd=bupyeong,https://youth.incheon.go.kr/space/bupyeong/rental/rentalScheduleMonth.do?rental_seq=4,https://youth.incheon.go.kr/images/rental/small/facility03.jpg,032-363-3141,회의실1,유유기지 부평 · 신청 후 승인 · 3~11명 (19~39세 청년) · 10~21시 · 032-363-3141,10~21시,유유기지 부평,html_scrape,ok,2026-06-08T15:52:03+00:00,공식 출처의 제목·기간·장소·문의 정보를 기준으로 RebootRoute 부담도/태그를 파생했습니다.,2026-06-08T15:52:03+00:00
culture_facility_508e6004df,culture_facility,유유기지 부평 회의실2,유유기지 부평의 공식 공간대관 자원입니다. 유유기지 부평 · 신청 후 승인 · 2~8명 (19~39세 청년) · 10~21시 · 032-363-3141,부평구,유유기지 부평,37.507,126.7219,,,unknown,True,2,True,30,2,['public_policy'],"['low_contact', 'support', 'youth_space']",인천청년포털 공간대관,https://youth.incheon.go.kr/rental/rentalInfoList.do?inst_cd=bupyeong,https://youth.incheon.go.kr/space/bupyeong/rental/rentalScheduleMonth.do?rental_seq=5,https://youth.incheon.go.kr/images/rental/small/ongongjakso.jpg,032-363-3141,회의실2,유유기지 부평 · 신청 후 승인 · 2~8명 (19~39세 청년) · 10~21시 · 032-363-3141,10~21시,유유기지 부평,html_scrape,ok,2026-06-08T15:52:03+00:00,공식 출처의 제목·기간·장소·문의 정보를 기준으로 RebootRoute 부담도/태그를 파생했습니다.,2026-06-08T15:52:03+00:00
culture_facility_7d1a09a002,culture_facility,계양청년마당 1인 미디어방,"계양청년마당의 공식 공간대관 자원입니다. 계양청년마당 · 신청 후 승인 · 1~2명 (18~39세 청년) · (평일) 09~21시, (토요일) 10~18시, (휴관일) 일요일, 공휴일 · 032-450-8356",계양구,계양청년마당,37.5374,126.7378,,,unknown,True,2,True,30,2,"['design', 'media', 'public_policy']","['low_contact', 'support', 'youth_space']",인천청년포털 공간대관,https://youth.incheon.go.kr/rental/rentalInfoList.do?inst_cd=gyeyang,https://youth.incheon.go.kr/space/gyeyang/rental/rentalScheduleMonth.do?rental_seq=26,https://youth.incheon.go.kr/images/rental/small/facility10.jpg,032-450-8356,1인 미디어방,"계양청년마당 · 신청 후 승인 · 1~2명 (18~39세 청년) · (평일) 09~21시, (토요일) 10~18시, (휴관일) 일요일, 공휴일 · 032-450-8356","(평일) 09~21시, (토요일) 10~18시, (휴관일) 일요일, 공휴일",계양청년마당,html_scrape,ok,2026-06-08T15:52:03+00:00,공식 출처의 제목·기간·장소·문의 정보를 기준으로 RebootRoute 부담도/태그를 파생했습니다.,2026-06-08T15:52:03+00:00
culture_facility_352ede69c9,culture_facility,계양청년마당 마음 나눔방,"계양청년마당의 공식 공간대관 자원입니다. 계양청년마당 · 신청 후 승인 · 2~3명 (18~39세 청년) · (평일) 09~21시, (토요일) 10~18시, (휴관일) 일요일, 공휴일 · 032-450-8356",계양구,계양청년마당,37.5374,126.7378,,,unknown,True,2,True,30,2,['public_policy'],"['low_contact', 'routine', 'support', 'youth_space']",인천청년포털 공간대관,https://youth.incheon.go.kr/rental/rentalInfoList.do?inst_cd=gyeyang,https://youth.incheon.go.kr/space/gyeyang/rental/rentalScheduleMonth.do?rental_seq=22,https://youth.incheon.go.kr/images/rental/small/facility06.jpg,032-450-8356,마음 나눔방,"계양청년마당 · 신청 후 승인 · 2~3명 (18~39세 청년) · (평일) 09~21시, (토요일) 10~18시, (휴관일) 일요일, 공휴일 · 032-450-8356","(평일) 09~21시, (토요일) 10~18시, (휴관일) 일요일, 공휴일",계양청년마당,html_scrape,ok,2026-06-08T15:52:03+00:00,공식 출처의 제목·기간·장소·문의 정보를 기준으로 RebootRoute 부담도/태그를 파생했습니다.,2026-06-08T15:52:03+00:00
culture_facility_a5a288f53c,culture_facility,계양청년마당 배움작은방,"계양청년마당의 공식 공간대관 자원입니다. 계양청년마당 · 신청 후 승인 · 2~4명 (18~39세 청년) · (평일) 09~21시, (토요일) 10~18시, (휴관일) 일요일, 공휴일 · 032-450-8356",계양구,계양청년마당,37.5374,126.7378,,,unknown,True,2,True,30,2,['public_policy'],"['low_contact', 'support', 'youth_space']",인천청년포털 공간대관,https://youth.incheon.go.kr/rental/rentalInfoList.do?inst_cd=gyeyang,https://youth.incheon.go.kr/space/gyeyang/rental/rentalScheduleMonth.do?rental_seq=24,https://youth.incheon.go.kr/images/rental/small/facility08.jpg,032-450-8356,배움작은방,"계양청년마당 · 신청 후 승인 · 2~4명 (18~39세 청년) · (평일) 09~21시, (토요일) 10~18시, (휴관일) 일요일, 공휴일 · 032-450-8356","(평일) 09~21시, (토요일) 10~18시, (휴관일) 일요일, 공휴일",계양청년마당,html_scrape,ok,2026-06-08T15:52:03+00:00,공식 출처의 제목·기간·장소·문의 정보를 기준으로 RebootRoute 부담도/태그를 파생했습니다.,2026-06-08T15:52:03+00:00
culture_facility_f368547ba1,culture_facility,계양청년마당 배움큰방,"계양청년마당의 공식 공간대관 자원입니다. 계양청년마당 · 신청 후 승인 · 8~16명 (18~39세 청년) · (평일) 09~21시, (토요일) 10~18시, (휴관일) 월요일, 공휴일 · 032-450-8356",계양구,계양청년마당,37.5374,126.7378,,,unknown,True,2,True,30,2,['public_policy'],"['low_contact', 'support', 'youth_space']",인천청년포털 공간대관,https://youth.incheon.go.kr/rental/rentalInfoList.do?inst_cd=gyeyang,https://youth.incheon.go.kr/space/gyeyang/rental/rentalScheduleMonth.do?rental_seq=23,https://youth.incheon.go.kr/images/rental/small/facility07.jpg,032-450-8356,배움큰방,"계양청년마당 · 신청 후 승인 · 8~16명 (18~39세 청년) · (평일) 09~21시, (토요일) 10~18시, (휴관일) 월요일, 공휴일 · 032-450-8356","(평일) 09~21시, (토요일) 10~18시, (휴관일) 월요일, 공휴일",계양청년마당,html_scrape,ok,2026-06-08T15:52:03+00:00,공식 출처의 제목·기간·장소·문의 정보를 기준으로 RebootRoute 부담도/태그를 파생했습니다.,2026-06-08T15:52:03+00:00
culture_facility_2bd8833fab,culture_facility,계양청년마당 잡(job)다한방,"계양청년마당의 공식 공간대관 자원입니다. 계양청년마당 · 신청 후 승인 · 3~7명 (18~39세 청년) · (평일) 09~21시, (토요일) 10~18시, (휴관일) 월요일, 공휴일 · 032-450-8356",계양구,계양청년마당,37.5374,126.7378,,,unknown,True,2,True,30,2,['public_policy'],"['low_contact', 'support', 'youth_space']",인천청년포털 공간대관,https://youth.incheon.go.kr/rental/rentalInfoList.do?inst_cd=gyeyang,https://youth.incheon.go.kr/space/gyeyang/rental/rentalScheduleMonth.do?rental_seq=25,https://youth.incheon.go.kr/images/rental/small/facility09.jpg,032-450-8356,잡(job)다한방,"계양청년마당 · 신청 후 승인 · 3~7명 (18~39세 청년) · (평일) 09~21시, (토요일) 10~18시, (휴관일) 월요일, 공휴일 · 032-450-8356","(평일) 09~21시, (토요일) 10~18시, (휴관일) 월요일, 공휴일",계양청년마당,html_scrape,ok,2026-06-08T15:52:03+00:00,공식 출처의 제목·기간·장소·문의 정보를 기준으로 RebootRoute 부담도/태그를 파생했습니다.,2026-06-08T15:52:03+00:00
culture_facility_0459e1c86a,culture_facility,청년센터 서구1939 샛별 (세미나실1),"청년센터 서구1939의 공식 공간대관 자원입니다. 청년센터 서구1939 · 신청 후 승인 · 6~30명 (18~39세 청년) · (평일)10시~21시50분, (토요일)10시~17시50분 · 032-560-0939",서구,청년센터 서구1939,37.5454,126.6759,,,unknown,True,2,True,30,2,['public_policy'],"['low_contact', 'support', 'youth_space']",인천청년포털 공간대관,https://youth.incheon.go.kr/rental/rentalInfoList.do?inst_cd=seogu,https://youth.incheon.go.kr/space/seogu/rental/rentalScheduleMonth.do?rental_seq=14,https://youth.incheon.go.kr/images/rental/small/seminasil1.jpg,032-560-0939,샛별 (세미나실1),"청년센터 서구1939 · 신청 후 승인 · 6~30명 (18~39세 청년) · (평일)10시~21시50분, (토요일)10시~17시50분 · 032-560-0939","(평일)10시~21시50분, (토요일)10시~17시50분",청년센터 서구1939,html_scrape,ok,2026-06-08T15:52:03+00:00,공식 출처의 제목·기간·장소·문의 정보를 기준으로 RebootRoute 부담도/태그를 파생했습니다.,2026-06-08T15:52:03+00:00
culture_facility_c1f6815655,culture_facility,청년센터 서구1939 닻별 (세미나실2),"청년센터 서구1939의 공식 공간대관 자원입니다. 청년센터 서구1939 · 신청 후 승인 · 1~20명 (18~39세 청년) · (평일)10시~21시50분, (토요일)10시~17시50분 · 032-560-0939",서구,청년센터 서구1939,37.5454,126.6759,,,unknown,True,2,True,30,2,['public_policy'],"['low_contact', 'support', 'youth_space']",인천청년포털 공간대관,https://youth.incheon.go.kr/rental/rentalInfoList.do?inst_cd=seogu,https://youth.incheon.go.kr/space/seogu/rental/rentalScheduleMonth.do?rental_seq=15,https://youth.incheon.go.kr/images/rental/small/seminasil2.jpg,032-560-0939,닻별 (세미나실2),"청년센터 서구1939 · 신청 후 승인 · 1~20명 (18~39세 청년) · (평일)10시~21시50분, (토요일)10시~17시50분 · 032-560-0939","(평일)10시~21시50분, (토요일)10시~17시50분",청년센터 서구1939,html_scrape,ok,2026-06-08T15:52:03+00:00,공식 출처의 제목·기간·장소·문의 정보를 기준으로 RebootRoute 부담도/태그를 파생했습니다.,2026-06-08T15:52:03+00:00
culture_facility_7f8108164f,culture_facility,청년센터 서구1939 초승달 (1인 미디어실),"청년센터 서구1939의 공식 공간대관 자원입니다. 청년센터 서구1939 · 신청 후 승인 · 1~4명 (18~39세 청년) · (평일)10시~21시50분, (토요일)10시~17시50분 · 032-560-0939",서구,청년센터 서구1939,37.5454,126.6759,,,unknown,True,2,True,30,2,"['design', 'media', 'public_policy']","['low_contact', 'support', 'youth_space']",인천청년포털 공간대관,https://youth.incheon.go.kr/rental/rentalInfoList.do?inst_cd=seogu,https://youth.incheon.go.kr/space/seogu/rental/rentalScheduleMonth.do?rental_seq=16,https://youth.incheon.go.kr/images/rental/small/choseungdal.jpg,032-560-0939,초승달 (1인 미디어실),"청년센터 서구1939 · 신청 후 승인 · 1~4명 (18~39세 청년) · (평일)10시~21시50분, (토요일)10시~17시50분 · 032-560-0939","(평일)10시~21시50분, (토요일)10시~17시50분",청년센터 서구1939,html_scrape,ok,2026-06-08T15:52:03+00:00,공식 출처의 제목·기간·장소·문의 정보를 기준으로 RebootRoute 부담도/태그를 파생했습니다.,2026-06-08T15:52:03+00:00
culture_facility_6bb404fdcb,culture_facility,청년센터 서구1939 그믐달 (상담실),"청년센터 서구1939의 공식 공간대관 자원입니다. 청년센터 서구1939 · 신청 후 승인 · 1~4명 (18~39세 청년) · (평일)10시~21시50분, (토요일)10시~17시50분 · 032-560-0939",서구,청년센터 서구1939,37.5454,126.6759,,,unknown,True,2,True,30,2,['public_policy'],"['low_contact', 'routine', 'support', 'youth_space']",인천청년포털 공간대관,https://youth.incheon.go.kr/rental/rentalInfoList.do?inst_cd=seogu,https://youth.incheon.go.kr/space/seogu/rental/rentalScheduleMonth.do?rental_seq=17,https://youth.incheon.go.kr/images/rental/small/boreumdal.jpg,032-560-0939,그믐달 (상담실),"청년센터 서구1939 · 신청 후 승인 · 1~4명 (18~39세 청년) · (평일)10시~21시50분, (토요일)10시~17시50분 · 032-560-0939","(평일)10시~21시50분, (토요일)10시~17시50분",청년센터 서구1939,html_scrape,ok,2026-06-08T15:52:03+00:00,공식 출처의 제목·기간·장소·문의 정보를 기준으로 RebootRoute 부담도/태그를 파생했습니다.,2026-06-08T15:52:03+00:00
culture_facility_6d196fe53a,culture_facility,청년센터 서구1939 안드로메다 (공유주방),"청년센터 서구1939의 공식 공간대관 자원입니다. 청년센터 서구1939 · 신청 후 승인 · 1~10명 (18~39세 청년) · (평일)10시~21시50분, (토요일)10시~17시50분 · 032-560-0939",서구,청년센터 서구1939,37.5454,126.6759,,,unknown,True,2,True,30,2,['public_policy'],"['low_contact', 'support', 'youth_space']",인천청년포털 공간대관,https://youth.incheon.go.kr/rental/rentalInfoList.do?inst_cd=seogu,https://youth.incheon.go.kr/space/seogu/rental/rentalScheduleMonth.do?rental_seq=18,https://youth.incheon.go.kr/images/rental/small/andeuromeda.jpg,032-560-0939,안드로메다 (공유주방),"청년센터 서구1939 · 신청 후 승인 · 1~10명 (18~39세 청년) · (평일)10시~21시50분, (토요일)10시~17시50분 · 032-560-0939","(평일)10시~21시50분, (토요일)10시~17시50분",청년센터 서구1939,html_scrape,ok,2026-06-08T15:52:03+00:00,공식 출처의 제목·기간·장소·문의 정보를 기준으로 RebootRoute 부담도/태그를 파생했습니다.,2026-06-08T15:52:03+00:00
culture_facility_5f03f9acd7,culture_facility,청년센터 서구1939 인터스텔라 (라운지),"청년센터 서구1939의 공식 공간대관 자원입니다. 청년센터 서구1939 · 신청 후 승인 · 20~100명 (18~39세 청년) · (평일)10시~21시50분, (토요일)10시~17시50분 · 032-560-0939",서구,청년센터 서구1939,37.5454,126.6759,,,unknown,True,2,True,30,2,['public_policy'],"['low_contact', 'support', 'youth_space']",인천청년포털 공간대관,https://youth.incheon.go.kr/rental/rentalInfoList.do?inst_cd=seogu,https://youth.incheon.go.kr/space/seogu/rental/rentalScheduleMonth.do?rental_seq=32,https://youth.incheon.go.kr/images/rental/small/inteoseutelra_raunji.jpg,032-560-0939,인터스텔라 (라운지),"청년센터 서구1939 · 신청 후 승인 · 20~100명 (18~39세 청년) · (평일)10시~21시50분, (토요일)10시~17시50분 · 032-560-0939","(평일)10시~21시50분, (토요일)10시~17시50분",청년센터 서구1939,html_scrape,ok,2026-06-08T15:52:03+00:00,공식 출처의 제목·기간·장소·문의 정보를 기준으로 RebootRoute 부담도/태그를 파생했습니다.,2026-06-08T15:52:03+00:00
culture_facility_3919646032,culture_facility,청년센터 서구1939 인공위성 (미디어실),"청년센터 서구1939의 공식 공간대관 자원입니다. 청년센터 서구1939 · 신청 후 승인 · 1~5명 (18~39세 청년) · (평일)10~19시, (토요일)10~17시 · 032-560-0939",서구,청년센터 서구1939,37.5454,126.6759,,,unknown,True,2,True,30,2,"['design', 'media', 'public_policy']","['low_contact', 'support', 'youth_space']",인천청년포털 공간대관,https://youth.incheon.go.kr/rental/rentalInfoList.do?inst_cd=seogu,https://youth.incheon.go.kr/space/seogu/rental/rentalScheduleMonth.do?rental_seq=33,https://youth.incheon.go.kr/images/rental/small/facility09(1).jpg,032-560-0939,인공위성 (미디어실),"청년센터 서구1939 · 신청 후 승인 · 1~5명 (18~39세 청년) · (평일)10~19시, (토요일)10~17시 · 032-560-0939","(평일)10~19시, (토요일)10~17시",청년센터 서구1939,html_scrape,ok,2026-06-08T15:52:03+00:00,공식 출처의 제목·기간·장소·문의 정보를 기준으로 RebootRoute 부담도/태그를 파생했습니다.,2026-06-08T15:52:03+00:00
culture_facility_7bcedd5d67,culture_facility,청년센터 서구1939 오로라 (팝업 전시장),"청년센터 서구1939의 공식 공간대관 자원입니다. 청년센터 서구1939 · 신청 후 승인 · 1~100명 (18~39세 청년) · (평일)10~18시, (토요일)10~18시 · 032-560-0939",서구,청년센터 서구1939,37.5454,126.6759,,,unknown,True,2,True,30,2,"['culture', 'planning', 'public_policy']","['culture', 'low_contact', 'support', 'youth_space']",인천청년포털 공간대관,https://youth.incheon.go.kr/rental/rentalInfoList.do?inst_cd=seogu,https://youth.incheon.go.kr/space/seogu/rental/rentalScheduleMonth.do?rental_seq=35,https://youth.incheon.go.kr/images/rental/small/orora_pabeopjeonsijang.jpg,032-560-0939,오로라 (팝업 전시장),"청년센터 서구1939 · 신청 후 승인 · 1~100명 (18~39세 청년) · (평일)10~18시, (토요일)10~18시 · 032-560-0939","(평일)10~18시, (토요일)10~18시",청년센터 서구1939,html_scrape,ok,2026-06-08T15:52:03+00:00,공식 출처의 제목·기간·장소·문의 정보를 기준으로 RebootRoute 부담도/태그를 파생했습니다.,2026-06-08T15:52:03+00:00
culture_event_a09be690e7,culture_event,엄마들의 화려한 외출,엄마들의 화려한 외출 문화행사입니다. 진행중 · 인천광역시교육청평생학습관 갤러리나무 · 2026.05.28 ~ 2026.06.10,인천 전역,인천광역시교육청평생학습관 갤러리나무,37.4563,126.7052,2026-05-28,2026-06-10,unknown,True,2,True,40,2,"['culture', 'planning']",['culture'],인천문화재단 문화행사,https://www.ifac.or.kr/culturalInfo/cuturalEvents/performanceSrch/list.do?key=m2501152621396,https://www.ifac.or.kr/culturalInfo/cuturalEvents/performanceSrch/view.do?key=m2501152621396&eventSn=13634,https://www.ifac.or.kr/common/image.do?key=224981,공식 페이지 확인,엄마들의 화려한 외출,진행중 · 인천광역시교육청평생학습관 갤러리나무 · 2026.05.28 ~ 2026.06.10,2026.05.28 ~ 2026.06.10,인천광역시교육청평생학습관 갤러리나무,html_scrape,ok,2026-06-08T15:52:05+00:00,공식 출처의 제목·기간·장소·문의 정보를 기준으로 RebootRoute 부담도/태그를 파생했습니다.,2026-06-08T15:52:05+00:00
culture_event_d094a5705c,culture_event,인천을 걷다,인천을 걷다 문화행사입니다. 진행중 · 인천광역시교육청평생학습관 갤러리다솜 · 2026.05.28 ~ 2026.06.10,인천 전역,인천광역시교육청평생학습관 갤러리다솜,37.4563,126.7052,2026-05-28,2026-06-10,unknown,True,2,True,40,2,"['culture', 'planning']",['culture'],인천문화재단 문화행사,https://www.ifac.or.kr/culturalInfo/cuturalEvents/performanceSrch/list.do?key=m2501152621396,https://www.ifac.or.kr/culturalInfo/cuturalEvents/performanceSrch/view.do?key=m2501152621396&eventSn=13635,https://www.ifac.or.kr/common/image.do?key=224982,공식 페이지 확인,인천을 걷다,진행중 · 인천광역시교육청평생학습관 갤러리다솜 · 2026.05.28 ~ 2026.06.10,2026.05.28 ~ 2026.06.10,인천광역시교육청평생학습관 갤러리다솜,html_scrape,ok,2026-06-08T15:52:05+00:00,공식 출처의 제목·기간·장소·문의 정보를 기준으로 RebootRoute 부담도/태그를 파생했습니다.,2026-06-08T15:52:05+00:00
culture_event_6a5da62941,culture_event,판뮤지컬 <이상한 나라의 숨바꼭질>,판뮤지컬 <이상한 나라의 숨바꼭질> 문화행사입니다. 모집중 · 트라이보울 공연장 · 2026.06.13 ~ 2026.06.13,인천 전역,트라이보울 공연장,37.4563,126.7052,2026-06-13,2026-06-13,unknown,True,2,True,40,2,"['culture', 'planning']",['culture'],인천문화재단 문화행사,https://www.ifac.or.kr/culturalInfo/cuturalEvents/performanceSrch/list.do?key=m2501152621396,https://www.ifac.or.kr/culturalInfo/cuturalEvents/performanceSrch/view.do?key=m2501152621396&eventSn=13591,https://www.ifac.or.kr/common/image.do?key=224075,공식 페이지 확인,판뮤지컬 <이상한 나라의 숨바꼭질>,모집중 · 트라이보울 공연장 · 2026.06.13 ~ 2026.06.13,2026.06.13 ~ 2026.06.13,트라이보울 공연장,html_scrape,ok,2026-06-08T15:52:05+00:00,공식 출처의 제목·기간·장소·문의 정보를 기준으로 RebootRoute 부담도/태그를 파생했습니다.,2026-06-08T15:52:05+00:00
culture_event_ff6fb6f1b9,culture_event,오리지널 드로잉쇼!,오리지널 드로잉쇼! 문화행사입니다. 모집중 · 인천수봉문화회관 소극장 · 2026.06.13 ~ 2026.06.13,인천 전역,인천수봉문화회관 소극장,37.4563,126.7052,2026-06-13,2026-06-13,unknown,True,2,True,40,2,"['culture', 'design', 'media', 'planning']",['culture'],인천문화재단 문화행사,https://www.ifac.or.kr/culturalInfo/cuturalEvents/performanceSrch/list.do?key=m2501152621396,https://www.ifac.or.kr/culturalInfo/cuturalEvents/performanceSrch/view.do?key=m2501152621396&eventSn=13626,https://www.ifac.or.kr/common/image.do?key=224761,공식 페이지 확인,오리지널 드로잉쇼!,모집중 · 인천수봉문화회관 소극장 · 2026.06.13 ~ 2026.06.13,2026.06.13 ~ 2026.06.13,인천수봉문화회관 소극장,html_scrape,ok,2026-06-08T15:52:05+00:00,공식 출처의 제목·기간·장소·문의 정보를 기준으로 RebootRoute 부담도/태그를 파생했습니다.,2026-06-08T15:52:05+00:00
culture_event_3ce1299764,culture_event,퍼포먼스 콘서트,퍼포먼스 콘서트 문화행사입니다. 모집중 · 인천광역시교육청평생학습관 교육누리홀 · 2026.06.18 ~ 2026.06.18,인천 전역,인천광역시교육청평생학습관 교육누리홀,37.4563,126.7052,2026-06-18,2026-06-18,unknown,True,2,True,40,2,"['culture', 'planning']",['culture'],인천문화재단 문화행사,https://www.ifac.or.kr/culturalInfo/cuturalEvents/performanceSrch/list.do?key=m2501152621396,https://www.ifac.or.kr/culturalInfo/cuturalEvents/performanceSrch/view.do?key=m2501152621396&eventSn=13643,https://www.ifac.or.kr/common/image.do?key=225074,공식 페이지 확인,퍼포먼스 콘서트,모집중 · 인천광역시교육청평생학습관 교육누리홀 · 2026.06.18 ~ 2026.06.18,2026.06.18 ~ 2026.06.18,인천광역시교육청평생학습관 교육누리홀,html_scrape,ok,2026-06-08T15:52:05+00:00,공식 출처의 제목·기간·장소·문의 정보를 기준으로 RebootRoute 부담도/태그를 파생했습니다.,2026-06-08T15:52:05+00:00
culture_event_ac9ba1d8ba,culture_event,"인천미술은행 기획전시 <공존의 정원, 흩어진 점들이 우리가 될 때>","인천미술은행 기획전시 <공존의 정원, 흩어진 점들이 우리가 될 때> 문화행사입니다. 진행중 · 경인교육대학교 미술관 지누지움 · 2026.05.04 ~ 2026.06.19",인천 전역,경인교육대학교 미술관 지누지움,37.4563,126.7052,2026-05-04,2026-06-19,unknown,True,2,True,40,2,"['culture', 'planning']",['culture'],인천문화재단 문화행사,https://www.ifac.or.kr/culturalInfo/cuturalEvents/performanceSrch/list.do?key=m2501152621396,https://www.ifac.or.kr/culturalInfo/cuturalEvents/performanceSrch/view.do?key=m2501152621396&eventSn=13610,https://www.ifac.or.kr/common/image.do?key=224305,공식 페이지 확인,"인천미술은행 기획전시 <공존의 정원, 흩어진 점들이 우리가 될 때>",진행중 · 경인교육대학교 미술관 지누지움 · 2026.05.04 ~ 2026.06.19,2026.05.04 ~ 2026.06.19,경인교육대학교 미술관 지누지움,html_scrape,ok,2026-06-08T15:52:05+00:00,공식 출처의 제목·기간·장소·문의 정보를 기준으로 RebootRoute 부담도/태그를 파생했습니다.,2026-06-08T15:52:05+00:00
culture_event_ecdeb81911,culture_event,[국립인천해양박물관] 2026 문화행사 함께海요 - 인천시립극단 아동청소년극 '완희와 털복숭이 괴물',[국립인천해양박물관] 2026 문화행사 함께海요 - 인천시립극단 아동청소년극 '완희와 털복숭이 괴물' 문화행사입니다. 모집중 · 국립인천해양박물관 대강당 · 2026.06.19 ~ 2026.06.19,인천 전역,국립인천해양박물관 대강당,37.4563,126.7052,2026-06-19,2026-06-19,unknown,True,2,True,40,2,"['culture', 'planning']",['culture'],인천문화재단 문화행사,https://www.ifac.or.kr/culturalInfo/cuturalEvents/performanceSrch/list.do?key=m2501152621396,https://www.ifac.or.kr/culturalInfo/cuturalEvents/performanceSrch/view.do?key=m2501152621396&eventSn=13648,https://www.ifac.or.kr/common/image.do?key=225248,공식 페이지 확인,[국립인천해양박물관] 2026 문화행사 함께海요 - 인천시립극단 아동청소년극 '완희와 털복숭이 괴물',모집중 · 국립인천해양박물관 대강당 · 2026.06.19 ~ 2026.06.19,2026.06.19 ~ 2026.06.19,국립인천해양박물관 대강당,html_scrape,ok,2026-06-08T15:52:05+00:00,공식 출처의 제목·기간·장소·문의 정보를 기준으로 RebootRoute 부담도/태그를 파생했습니다.,2026-06-08T15:52:05+00:00
culture_event_3fd4cea386,culture_event,2026 꿈다락 문화예술학교 <소리크래프트: 걷고!듣고!작곡!>,2026 꿈다락 문화예술학교 <소리크래프트: 걷고!듣고!작곡!> 문화행사입니다. 진행중 · 부평생활문화센터 다목적홀(전시실) · 2026.05.16 ~ 2026.06.20,인천 전역,부평생활문화센터 다목적홀(전시실),37.4563,126.7052,2026-05-16,2026-06-20,unknown,True,2,True,40,2,"['culture', 'planning']",['culture'],인천문화재단 문화행사,https://www.ifac.or.kr/culturalInfo/cuturalEvents/performanceSrch/list.do?key=m2501152621396,https://www.ifac.or.kr/culturalInfo/cuturalEvents/performanceSrch/view.do?key=m2501152621396&eventSn=13605,https://www.ifac.or.kr/common/image.do?key=224260,공식 페이지 확인,2026 꿈다락 문화예술학교 <소리크래프트: 걷고!듣고!작곡!>,진행중 · 부평생활문화센터 다목적홀(전시실) · 2026.05.16 ~ 2026.06.20,2026.05.16 ~ 2026.06.20,부평생활문화센터 다목적홀(전시실),html_scrape,ok,2026-06-08T15:52:05+00:00,공식 출처의 제목·기간·장소·문의 정보를 기준으로 RebootRoute 부담도/태그를 파생했습니다.,2026-06-08T15:52:05+00:00
culture_event_c12c1de203,culture_event,한국서양고전학회 &times; 국립세계문자박물관 공동학술대회 안내,한국서양고전학회 &times; 국립세계문자박물관 공동학술대회 안내 문화행사입니다. 모집중 · 국립세계문자박물관 강당 · 2026.06.20 ~ 2026.06.20,인천 전역,국립세계문자박물관 강당,37.4563,126.7052,2026-06-20,2026-06-20,unknown,True,2,True,40,2,"['culture', 'planning']",['culture'],인천문화재단 문화행사,https://www.ifac.or.kr/culturalInfo/cuturalEvents/performanceSrch/list.do?key=m2501152621396,https://www.ifac.or.kr/culturalInfo/cuturalEvents/performanceSrch/view.do?key=m2501152621396&eventSn=13651,https://www.ifac.or.kr/common/image.do?key=225274,공식 페이지 확인,한국서양고전학회 &times; 국립세계문자박물관 공동학술대회 안내,모집중 · 국립세계문자박물관 강당 · 2026.06.20 ~ 2026.06.20,2026.06.20 ~ 2026.06.20,국립세계문자박물관 강당,html_scrape,ok,2026-06-08T15:52:05+00:00,공식 출처의 제목·기간·장소·문의 정보를 기준으로 RebootRoute 부담도/태그를 파생했습니다.,2026-06-08T15:52:05+00:00
culture_event_78062a0959,culture_event,CELL,CELL 문화행사입니다. 모집중 · 인천아트플랫폼 C동 공연장 · 2026.06.20 ~ 2026.06.21,인천 전역,인천아트플랫폼 C동 공연장,37.4563,126.7052,2026-06-20,2026-06-21,unknown,True,2,True,40,2,"['culture', 'planning']",['culture'],인천문화재단 문화행사,https://www.ifac.or.kr/culturalInfo/cuturalEvents/performanceSrch/list.do?key=m2501152621396,https://www.ifac.or.kr/culturalInfo/cuturalEvents/performanceSrch/view.do?key=m2501152621396&eventSn=13647,https://www.ifac.or.kr/common/image.do?key=225227,공식 페이지 확인,CELL,모집중 · 인천아트플랫폼 C동 공연장 · 2026.06.20 ~ 2026.06.21,2026.06.20 ~ 2026.06.21,인천아트플랫폼 C동 공연장,html_scrape,ok,2026-06-08T15:52:05+00:00,공식 출처의 제목·기간·장소·문의 정보를 기준으로 RebootRoute 부담도/태그를 파생했습니다.,2026-06-08T15:52:05+00:00
culture_event_17eac72e3d,culture_event,2025년 부평역사박물관 특별기획전 <도시기록법 : 우리가 부평을 기억하는 방법>,2025년 부평역사박물관 특별기획전 <도시기록법 : 우리가 부평을 기억하는 방법> 문화행사입니다. 진행중 · 부평역사박물관 · 2025.09.23 ~ 2026.06.21,인천 전역,부평역사박물관,37.4563,126.7052,2025-09-23,2026-06-21,unknown,True,2,True,40,2,"['culture', 'planning']",['culture'],인천문화재단 문화행사,https://www.ifac.or.kr/culturalInfo/cuturalEvents/performanceSrch/list.do?key=m2501152621396,https://www.ifac.or.kr/culturalInfo/cuturalEvents/performanceSrch/view.do?key=m2501152621396&eventSn=13440,https://www.ifac.or.kr/common/image.do?key=218795,공식 페이지 확인,2025년 부평역사박물관 특별기획전 <도시기록법 : 우리가 부평을 기억하는 방법>,진행중 · 부평역사박물관 · 2025.09.23 ~ 2026.06.21,2025.09.23 ~ 2026.06.21,부평역사박물관,html_scrape,ok,2026-06-08T15:52:05+00:00,공식 출처의 제목·기간·장소·문의 정보를 기준으로 RebootRoute 부담도/태그를 파생했습니다.,2026-06-08T15:52:05+00:00
culture_event_5b24d150c2,culture_event,[인천국악회관] 제93기 국악문화학교 수강생 모집,[인천국악회관] 제93기 국악문화학교 수강생 모집 문화행사입니다. 진행중 · 국악회관 · 2026.03.16 ~ 2026.06.23,인천 전역,국악회관,37.4563,126.7052,2026-03-16,2026-06-23,unknown,True,2,True,40,2,"['culture', 'planning']",['culture'],인천문화재단 문화행사,https://www.ifac.or.kr/culturalInfo/cuturalEvents/performanceSrch/list.do?key=m2501152621396,https://www.ifac.or.kr/culturalInfo/cuturalEvents/performanceSrch/view.do?key=m2501152621396&eventSn=13550,https://www.ifac.or.kr/common/image.do?key=223114,공식 페이지 확인,[인천국악회관] 제93기 국악문화학교 수강생 모집,진행중 · 국악회관 · 2026.03.16 ~ 2026.06.23,2026.03.16 ~ 2026.06.23,국악회관,html_scrape,ok,2026-06-08T15:52:05+00:00,공식 출처의 제목·기간·장소·문의 정보를 기준으로 RebootRoute 부담도/태그를 파생했습니다.,2026-06-08T15:52:05+00:00
